,CEP_conf,DSCT_conf,RR_conf,RRc_conf
0,0.8623630057468947,0.8663497292615149,0.8714701963218263,0.8443462568976059
1,0.9046060374789949,0.9326998277346544,0.9365981938038671,0.8931232997493473
2,0.9531503329509414,0.8917076232419128,0.9496772915253858,0.9592548527667951
3,0.9397155793327711,0.8667198845333164,0.9289159100117578,0.9583617350860912
4,1.0143341570410338,0.9933429124370363,1.0370443067472856,1.0037169375772925
5,0.9996484474440953,0.9708129422059898,0.9763084056146898,0.9939549826515653
6,0.9502623856414361,0.9775529891787821,0.9561700683155083,0.9251930775393166
7,0.9844654450446509,0.969023836098583,1.0014072872324127,0.9916940823608151
8,1.0129839964953657,0.9996440614917085,1.0240719072867988,0.9951884213474093
9,0.8242319204002033,0.8862144769395641,0.8705468918995454,0.8194603175259418
10,0.9520674336882632,0.9526064856741189,0.9715979722353378,0.9513519439762038
11,0.9506865829695427,0.9439905118570302,0.9877686180619694,0.911337094405258
12,0.8919351668368237,0.9171927792059158,0.9270653990218872,0.8844494804638943
13,0.9987437124383711,0.984599162815194,1.0077249372253263,0.9903968804463787
14,0.9732144592952174,0.9248738153570086,0.9834750300888147,0.9772681631808807
15,1.0104939893247782,0.9859024423937368,1.0265514144758352,1.0031041023887701
16,0.9105825939456489,0.9229020188498728,0.9301906348445537,0.899897734036126
17,0.930981288343406,0.9426145215838541,0.9295696216484166,0.9330299482057516
18,0.9936549915558747,0.9917285626895349,0.9968957720964889,0.9744544031393971
19,0.9744484404139818,0.967900988614582,0.9771769422258311,0.9741610398906413
20,0.9223074612212053,0.967778098789058,0.9395928254252988,0.9113230560126072
21,0.9585268065435038,0.9132054291195947,0.9377420739614911,0.9764804945536405
22,1.0178226167896638,1.0025922041385882,1.0263675478506338,0.9974812603905024
23,0.988936169251847,0.9728427042128033,1.000246053334077,0.9927403201014906
24,0.8472026289052506,0.8958190478568999,0.8357311732085435,0.8564729670851297
25,0.942527192865321,0.8678723029167961,0.9122054898081542,0.9454248712646698
26,1.0207653776483951,1.0058126353677233,1.0269075391900682,1.0004392052433522
27,0.8705718088344456,0.9098554751139613,0.8998840173872771,0.868085978052355
28,1.0080227158337467,0.9948990718500165,1.0196097958122827,0.9937993279340352
29,1.00605129879833,0.9887453468537234,1.0285479987297836,0.9970812842066936
30,0.8384211211057073,0.8981939716464007,0.8320461197335667,0.8491569735276082
31,1.0007545214788374,0.9679527073434292,1.0256208582271213,0.9971010351032091
32,0.8761473008495416,0.9066161443620079,0.9051530255744461,0.8746736216081475
33,0.9714631395355147,0.919627898049283,0.9758777013875566,0.9743831069522604
34,0.9888301846634544,0.9454161854376418,1.0026461593311866,0.9861484893200562
35,0.8602695781064968,0.8975568556489418,0.8775493569654897,0.8803793328967346
36,0.1659439055106419,0.3463073330943249,0.19240728748729646,0.13243737321545443
37,0.9335501419863323,0.8571973212922674,0.9223904810202866,0.9515077625659226
38,0.9883993452167708,0.9746864780674848,1.0133161339673844,0.965548063375674
39,0.9842267468933436,0.9728792403310783,0.9984070885856363,0.9848395185840795
40,0.9552449107383667,0.9624472192370962,0.9648919208384331,0.9481682454873951
41,0.9007160471258565,0.9002800858307848,0.9035542517568177,0.8931822473733297
42,0.957145387441477,0.9573515224328024,0.9535450139486188,0.9584365227392777
43,1.0051690208343587,0.9826277898600899,1.0418891122313974,1.0019551546271437
44,1.0220423094605626,1.0041702391976175,1.0342643718058533,0.9999509716219379
45,0.9475987405426333,0.8823631713518798,0.941312332062656,0.951012203990103
46,0.989276405599134,0.9787867465926343,1.0040275640749299,0.9836352151502847
47,0.9552708273865282,0.8955974860496492,0.9510584959383991,0.9688508694295096
48,1.0031580381392364,0.9768825843924969,1.0268461859620956,1.000999283573167
49,1.004086599048154,0.9872043233150202,1.0305173302122033,0.9975136583416508
50,1.002029344111265,0.9903361379635306,1.0168990082192828,0.9886460447303187
51,0.9912141388391577,0.9869242991446432,1.0115912979183985,0.968950311069802
52,0.8808173137481575,0.8957495180528621,0.8858170613124479,0.8612564701878411
53,0.9860862216370011,0.9469060694170458,0.9915341348584701,0.9839264987619437
54,0.9365854593722809,0.9577867101521313,0.9409477693135616,0.90927077527948
55,0.942243695386895,0.8333022707801555,0.9379218308103625,0.9809624322196708
56,0.9254486374025809,0.8492247524929147,0.9100355668725438,0.9368213545882499
57,0.9176999438833213,0.8197872629200545,0.9006937332044073,0.9258282407299429
58,0.953522064716163,0.891520368805903,0.9480726060258293,0.958558124913673
59,0.9827752314742864,0.9418368474069773,0.9882848842252304,0.9965009479800232
60,0.9879186314458489,0.9703632572222642,1.0035781441619067,0.9295729673474068
61,0.9914218258471662,0.9775041159025444,1.003461211508125,0.990434682331543
62,0.9904287422972474,0.9533546867387455,1.0078864994321168,0.9922891860766437
63,0.8812427608772091,0.9090572520824101,0.9120532333946729,0.8746724428353045
64,0.9865248774411922,0.9384834490265248,0.9919142719187195,0.9769878670909921
65,0.9893942137342915,0.9750988221354023,1.0066694174081636,0.9927659321626325
66,0.991544141054724,0.9543483869730501,1.0056526193122943,0.9934344120316234
67,0.926754706769216,0.9431235308478384,0.9520427756203413,0.9057183203806308
68,0.997253213059642,0.9704365298848964,1.0326914427850489,0.9980837725681525
69,0.9469595619035387,0.8899390698506681,0.9350297076665228,0.9550305170068466
70,0.9502084581125811,0.8936643356899518,0.9318766011487885,0.940234161139008
71,0.9177292344807848,0.844050543785907,0.8992170768340138,0.9429596315847134
72,0.9997609146522978,0.9808014754635599,1.012218741285222,0.996849481344706
73,0.9739182352476206,0.9829390805425431,0.9773994804722884,0.9596033570451405
74,0.9316674170064032,0.86058097900035,0.9142741615557939,0.9439749696138151
75,0.9792882769115564,0.968659582089929,0.9897554588939922,0.9825990952480179
76,1.0025973803724273,0.9792130647392957,1.031209681920915,1.0017151701129965
77,0.9685442681698787,0.9679723704890097,0.9808765346515504,0.9613318224749978
78,0.9646288608110737,0.9381143155459111,0.972378027826262,0.9583969089185058
79,1.0089817153798863,0.9769994092998493,1.0313323227548006,0.9961960850708363
80,0.9416942548049931,0.9720579033904856,0.9280837490163424,0.9273570875438366
81,0.8779032751306522,0.8968435021619003,0.9114777837202386,0.8628733354805531
82,0.6630648058783902,0.8221657970625422,0.7004154091648628,0.6864901356615113
83,0.9287989568258376,0.940119925650442,0.9404008989793342,0.9269090705635027
84,1.002695419590402,1.0038189856543247,1.0048095688390097,0.9731260320003323
85,1.0185180782155268,0.9946920712024342,1.0204172428237108,1.001926327966579
86,0.9721721798609373,0.9201477715089079,0.9850958455723362,0.9767514134477121
87,1.0163410580219527,1.00533853494951,1.0266193086242839,0.9957006451821401
88,1.0115685041485158,0.9991656395952806,1.0236833770580618,0.9931255161167855
89,1.0004993287053172,0.9695965350949635,1.01656123562707,0.9970181088572848
90,1.0026020790886334,0.9897937766859941,1.0173773934336687,0.9877135096027052
91,0.9938674409291532,0.9601481897050829,0.9792276040383134,0.9738932314632962
92,0.971487455512973,0.933526548145113,0.9675874215201711,0.9898286738164116
93,0.9910832713782096,0.9734277375909718,1.0135761914398087,0.9960275905658084
94,0.9821198629960419,0.9718011639755397,0.9970171892721778,0.9820683556510935
95,0.9997844623673131,0.9658042032401314,1.0161307548578717,0.9984707738516202
96,0.8595495332863078,0.9052222382019675,0.8857829390681302,0.8550737132941956
97,0.9829044322630327,0.9901460499382013,0.9886056028472738,0.9630415941376966
98,0.9063825446640414,0.9383577973517454,0.9050963577826093,0.9098947931014855
99,0.9535696119427819,0.9613548063662958,0.9805056494815773,0.9342397738805739
100,1.000363146179076,0.9861519639573397,1.020884198078405,0.9902643973665077
101,0.924528087148464,0.9495356439186068,0.945092846222655,0.9193276093381093
102,0.998369157402054,0.983314556469027,1.0224433404170115,0.9937501817363718
103,1.0074551296170997,0.9905686579032006,1.018155050684115,0.9966480155418781
104,0.9176756379142978,0.9367679558748008,0.9181890372948001,0.9231668408875253
105,0.8895076501420415,0.9092801442095506,0.8624208528589369,0.8759109533034868
106,0.9820268968387857,0.9302764808212675,0.9693741527353271,0.965633469876772
107,0.9901868430628813,0.9486992754545428,1.001343860699254,0.987100469926267
108,0.8768033742802123,0.8825067809707705,0.9054619857338103,0.8924113027237003
109,1.0068769304757157,0.9870203526434292,1.029499889412652,1.001371582576737
110,0.8896070323250822,0.9201295308244118,0.921532995112195,0.8816491519256594
111,0.998017301717435,0.9823718582852234,1.0217737184486573,0.9925212865383539
112,1.0020656454442247,0.968597430996384,0.9841588628388728,0.9962107531652876
113,0.9824056206517154,0.9345701931368079,0.9936668411158625,0.9775811717213805
114,0.8883959641714622,0.9227681435911771,0.9070543531850142,0.8735471031586437
115,0.9850614923961761,0.9725029401716285,0.9974827803337617,0.9872831021205005
116,1.00249089690749,0.9751065022122389,1.0095414958930065,0.9778600112187996
117,0.9804017549917017,0.9690525700908776,0.9927144216053978,0.9840272553443855
118,0.8848337775386651,0.9226334891418768,0.9042598293961366,0.8636000978783178
119,0.966322961947502,0.9049115365155493,0.9654034197715075,0.967445881342023
120,1.0141316010854513,0.9911738800911851,1.040402885947199,1.0038147873703405
121,0.952126364751573,0.8899196146508203,0.9481009290440168,0.9577606067012411
122,1.0238274360645219,1.0116431757897186,1.0356167085074401,1.0017398543878213
123,1.0122967015552355,0.9887893840946014,1.038852380807841,1.0033360047836442
124,1.0115352865095106,0.9909051165090809,1.0341125485723843,1.0016609658930544
125,0.9578315780692924,0.9609783169897431,0.9807928545937511,0.9520257941589381
126,0.9784657094938677,0.9262886564986248,0.9845059624351573,0.9849019059624803
127,0.9950973716751875,0.983464016518558,1.020945149299284,0.9625168611518569
128,0.9738540721454452,0.9201462176320728,0.9677210044145625,0.9737201041212104
129,0.955336997607739,0.9694469788417678,0.9388096073192578,0.9463246280706489
130,0.9415655063441151,0.8712749026981181,0.9208948551446571,0.955661034951864
131,0.8156290603190062,0.8923180040050683,0.8174155621486761,0.8036784548029732
132,1.0255865448611063,1.0047351861673919,1.031221157782743,1.0013174831419571
133,0.955688229397775,0.8922004855385712,0.9513831525554851,0.95922704963121
134,0.9489684049401099,0.9662810243267367,0.9441348837610392,0.9404766895449298
135,0.8865591667712464,0.9070339886765214,0.9028824877470174,0.9021626169523387
136,0.9885354695420121,0.9446402420888467,1.0020081526858244,0.993073999362848
137,0.9646391323316879,0.9021684010750263,0.9586724925110055,0.9682713417474806
138,0.9501914906320531,0.8943718415819792,0.927019384514031,0.9654231454970754
139,0.9672059856956553,0.9142001356649866,0.9667481769707297,0.9664999478161101
140,0.23600125090566182,0.3891040686884198,0.2668325839699355,0.1779128529629981
141,0.9613727042776441,0.9033434384830841,0.9575750106329515,0.9626360395161723
142,0.9999406619447234,0.9850533016543694,1.0183236608974318,0.9903248421113617
143,0.9823444648757031,0.9713930834545472,0.9964677304798344,0.9835602428701514
144,0.9770465996181872,0.9680082576901743,1.0000763987999777,0.9713116845697382
145,0.9497576203813948,0.8902575866894659,0.9415765800359988,0.9544400598164025
146,0.9840644444228811,0.9408740803624379,0.9693428005163455,0.98226269806101
147,0.9769667355805511,0.9288525704639913,0.9795838180468992,0.9599178228732645
148,0.9696611748065644,0.9165152243081437,0.9730052868026385,0.9714789946370475
149,0.9469060341782071,0.9377284840085394,0.9693243120612187,0.9354056182856896
150,0.9675095082424474,0.9118398779139479,0.9693919508832017,0.9715106506570749
151,0.9148874103392156,0.8974612788533104,0.8804348857681481,0.9421155801595668
152,0.9863552561300182,0.9416993965108693,0.9977879624064752,0.9806650182515952
153,0.9955141213764825,0.9759693880966935,1.0109713427400622,0.9977194988049009
154,0.968651392726152,0.914027686693493,0.9704143541525359,0.9710832549252364
155,0.997169738602418,0.981037851493335,1.021847678527529,0.9918311882880603
156,0.9065924325028839,0.9380543790325249,0.9050642065222215,0.9103714369915048
157,0.8997175158404481,0.9185761026074146,0.9317595619128258,0.8751778292851433
158,0.9601197000478832,0.9628003631689925,0.9702540002201726,0.9547671237654362
159,1.0101493582386851,0.9926131299187707,1.0276906927869127,0.9991111630299667
160,0.9632084439512968,0.9752337476864313,0.9632938673299147,0.9480046590390939
161,0.9771668155521568,0.9667315684324319,0.9849388294441582,0.9331853143055528
162,0.9388890590119401,0.9421521331358016,0.9463301283744383,0.8919902836174977
163,0.9463095356628946,0.9523609439161927,0.9689484216303489,0.9330290225711713
164,0.8713940951306332,0.8814010426972007,0.8892319656564122,0.8867793004438318
165,0.9881883707730694,0.9746220589471498,1.0077919859814335,0.9893583602443876
166,0.9765411940922715,0.9790379761640746,0.9651785941675575,0.9653649183953301
167,0.9801556876388345,0.9328083504995767,0.9867443503761988,0.9780124414608611
168,0.9236683075292756,0.9551523850496819,0.9487330046944624,0.903735799615841
169,0.9853205276652711,0.9794587499054256,1.0019638953723005,0.9790839129380272
170,0.995838169005499,0.9613201688747522,1.0060180304184445,0.9766297356992484
171,0.9742233559288501,0.97459710294339,0.9783508746883445,0.966247341536341
172,0.9721497559340252,0.9651674900329235,0.9760868079225199,0.9760512758547558
173,0.948275668481514,0.882442620870988,0.9404185647585994,0.9558892564399187
174,1.0064355046289164,0.9928065161555569,1.0187415758901341,0.9926052752627523
175,0.9773568159870063,0.9324297876940011,0.9800562028390204,0.979064758122383
176,0.9266337503236004,0.9414143121135343,0.9351253838477566,0.9306725688209256
177,0.9703325821294765,0.9163808323832651,0.9646198003042716,0.9896764383507524
178,0.8811666733287215,0.9112194318455247,0.8664740739600943,0.8882565780425321
179,1.0075515071838725,0.9812023812779066,1.0262913152638522,1.0024471073407302
180,0.198601464199404,0.39488206465323145,0.21028911332656305,0.16540521497370397
181,1.0181543580402868,1.00478905779408,1.0276248887027588,0.9952820879550764
182,0.9846112260549664,0.9718139887771267,0.9970386939564851,0.9874082408679687
183,0.9404043139750536,0.8774810718040558,0.9235792544258744,0.9654512001936587
184,0.912835615258613,0.9389278681504865,0.9278974680558999,0.9092557937266261
185,0.996548015676737,0.9639275287826574,1.0144196314004617,0.999710181577973
186,0.9448567579514184,0.8599712460461866,0.9340682702649925,0.9625814070808444
187,0.9616881294692189,0.9085004067293576,0.938304362132249,0.9670698483704564
188,0.975417680513709,0.924248418528309,0.9748447821305241,0.97078413022456
189,1.0103275685299673,0.984867105956374,1.0192215507765443,1.0023140028774817
190,1.0019667411833324,0.9828598761088011,1.0347987117030295,1.000522686236218
191,0.9819570039758837,0.9770917070680963,1.001072132054531,0.9691827038208599
192,1.0128235250673945,0.9918327296259267,1.0339072441331671,1.0028461254091718
193,0.9130456730686286,0.9022928786677712,0.9505331236955381,0.831079681218167
194,1.0020028280007298,0.9723655572064762,1.031007535436505,0.9979448675253798
195,0.8530605953609282,0.9110493421149872,0.8655413050202888,0.8583507082188297
196,1.0036916355361771,0.9803990877766317,1.0255954429265324,1.0019842809316015
197,0.9814130765317514,0.967845048221281,0.9926035382574971,0.988174425297604
198,0.9388708850887164,0.8675833829065189,0.9318493623925396,0.9544773350351096
199,0.9454394406809093,0.9285462566346577,0.9662620545573277,0.9387590523155467
200,0.9942705696500539,0.998890760765801,0.9970088014014462,0.9638261821569034
201,1.0167650875904866,0.9956337791738238,1.030211446767376,0.9962515921519107
202,1.009116067840202,0.9921056025909816,1.0350751839615375,1.0010836934731235
203,1.005225806271827,0.9794136459345275,1.022722368541695,1.001240668446783
204,0.9702115742072841,0.9576353558348626,0.9973036881257819,0.9060848677817926
205,1.0092624370642191,0.9956374939212206,1.0014482302658563,0.9831961712564904
206,0.9225086303845955,0.9453138932006185,0.9263012421632346,0.9243861207779005
207,0.9787800936465122,0.9895048011998416,0.9770838365023733,0.9625370827013351
208,0.9763891856922071,0.9736144862344898,0.9630089333168722,0.9691032826312287
209,0.9965431425249895,0.9757263562363342,1.0107734314165813,0.99223565805497
210,0.8816328541138507,0.913754319823417,0.8942977760871057,0.8950346080308306
211,0.9303148343617357,0.8557422173397927,0.9160991235660114,0.9463919880946665
212,0.9948610908573902,0.9801538567198934,1.0171637624052468,0.992898074646849
213,0.9343470239557513,0.8635491809925676,0.9211384485364807,0.9461948697211416
214,1.0036864650971533,0.9784473779511709,1.0266235953073146,0.9996497754287802
215,0.9654641973454969,0.9127898668301472,0.9661670331025036,0.9713511628034126
216,1.0023744917153448,0.9820664508319749,1.0309467017696232,0.9982581085833886
217,0.993154036082686,0.9828800718705482,1.0054648094681577,0.9651735998391221
218,1.0033804626906615,0.9788853921617869,1.029509965241962,1.0017409042994174
219,0.9848319248048929,0.9727521681909145,0.9994619661524438,0.9863240339425648
220,0.9754931073564476,0.9718322302537573,0.995959971650499,0.9652596676113757
221,0.9493318655239827,0.8877709798657853,0.9343902736852665,0.9579316222041061
222,0.9908408794458231,0.9476505987907721,1.0041121904268886,0.9789338156853903
223,0.9807820464426347,0.9365237454868045,0.9682147786508933,0.9575213099024388
224,1.0044010324777985,0.9767372608255079,1.0317933032046385,1.001240483691148
225,0.9169484776450618,0.8318274552087179,0.8959455845148845,0.934364761495868
226,0.9867523027680519,0.970078115156257,1.0056620847698723,0.994053952817141
227,0.9710651148606438,0.9186253986742016,0.9768566742856831,0.9727259036963076
228,0.9866486851938052,0.9735371650934289,1.0033154309574808,0.9910845235199327
229,0.9332394137278023,0.9451340294396878,0.9596746118519556,0.931867981862876
230,0.9508485794541027,0.8845549598826948,0.9332831065274385,0.9581572009624872
231,0.9414430367582303,0.9667422829002241,0.9350283814867903,0.913239274570328
232,0.984009175246582,0.9730978763679274,1.0007105331402257,0.9830091772722642
233,0.9687355928839139,0.9723582009314139,0.9899180483093646,0.9488214962405147
234,0.9326113110690389,0.8587317676341227,0.9184787683410867,0.9457650950646017
235,0.9769519704153996,0.9559678540466823,0.9757425551803278,0.9843347629623196
236,1.00389791952378,0.9745760024236437,1.024974340195914,1.001446102510623
237,0.9206081337462909,0.8985395381504953,0.9716584994320809,0.8297544197540055
238,1.0112358335429967,0.9903963646729015,1.0314735870418579,1.0026314656937678
239,0.9849049174228124,0.9638413776192143,0.9907334932658375,0.9823803115483816
240,1.0012576714862922,0.9830583716320969,1.033129690389129,1.0001754469625015
241,1.012934845397239,0.9970209748056971,1.0268695804266674,0.9980742252142885
242,0.9401827056130363,0.9483398339591164,0.9441375881808485,0.928531093067481
243,1.0069051447048307,0.9857863244693488,1.0266659379789311,0.9948698395363941
244,0.9769085676874674,0.9272716404469691,0.9845498745708127,0.9748607686022344
245,0.9634169173000718,0.9532885813868558,0.9573334217148342,0.9534754492884543
246,0.9758603191116195,0.9655359282717825,1.000808830937626,0.9644579684788233
247,1.0166356331789914,1.0034795414788487,1.0137330049956141,0.9873705414777382
248,0.931128111171594,0.918650110789722,0.9569454727718161,0.834243547396322
249,0.9997743789557536,0.9857204176860157,1.0108078228389825,0.9866769162809649
250,1.0106986326931011,1.0038247380714846,1.0224133380338418,0.9884188544265847
251,0.46947872085420306,0.5918338625986846,0.48688530251877654,0.43699134981945403
252,0.982809145886571,0.9680730150483652,0.9701409025535889,0.9837231209751435
253,0.24052217319544164,0.3794096325528265,0.25028451598033746,0.18376005782208557
254,1.010262229837464,0.9905519933449455,1.0345795011298105,1.0016984405018179
255,0.9674298404046925,0.9624759833388139,0.9923787644500562,0.9660511829558213
256,1.0061039554543123,1.0037870549528722,1.0115519056840696,0.9809376869168056
257,1.0033584292570867,0.9752883160197262,1.0299659001653632,0.9996262825493389
258,0.9879179011163043,0.9370332700642754,0.9704391198390279,0.9841398917048468
259,0.9276867296050333,0.9438593233014281,0.9432255940745895,0.9278831113753662
260,0.9732830170554507,0.9152307166552012,0.9718435267622741,0.9818870534361822
261,0.9879131179807406,0.9427144649200168,0.9995796622191746,0.9808309535284844
262,1.0163586372150644,0.9960359740851122,1.0082430477173803,0.9980143633505247
263,0.9141549039756695,0.8360528537630483,0.8909803541763682,0.9259716246544254
264,1.0091818076084829,0.9876370322767308,1.0324836088542844,1.0026732965499179
265,0.8538640072992165,0.9256932034097884,0.8444354252344582,0.8370690980427309
266,0.9884534384964258,0.9749013811307127,1.0057296793678223,0.9891695867020414
267,0.9636945215933307,0.9054534699264606,0.9598674678030535,0.9651831660574519
268,0.960291355773411,0.953100255998653,0.9901195929987944,0.9327040135938841
269,0.9570697223592404,0.9006759824957657,0.9435817390277883,0.9558402849377231
270,0.9858521440748289,0.9787828073562373,0.9868678886651585,0.9788753845232465
271,0.946844981496563,0.8800065357646851,0.9404313527861189,0.959617257892408
272,0.95648571797676,0.8894587556064466,0.9458843921262382,0.9618508787516473
273,0.9554550017709496,0.8917467113539689,0.9509200351432208,0.9639279248702948
274,1.0167765965155762,1.0125980468299007,1.0227057513921167,0.9927686133536867
275,0.9904496556713491,0.9744938348892246,1.0087984711719942,0.9936943133091912
276,0.9738560210181465,0.9766007230077637,0.9795398371892196,0.9654096185834614
277,0.9413947647547065,0.871733300603016,0.9280674472635795,0.9548497859991821
278,1.0053659634320808,0.9728257549088168,1.020637561817764,0.9966308874009192
279,1.0083428578537796,0.9810148753419548,1.0259643568026768,1.00246024913337
280,0.9345408291871639,0.865693637491437,0.9226102829226812,0.9522764045329701
281,1.0064089710044701,0.9763818368793287,1.0179800083465804,0.9975717347685806
282,0.9821472245861579,0.9775385903938374,0.9946335392504498,0.9771676978916018
283,0.8326822519928921,0.8843464825707734,0.8281960555540523,0.8474424277244909
284,0.9163208329455153,0.9261033349056559,0.9341166465958776,0.9148284025056385
285,0.9854695676844597,0.9757819723593929,0.9969064507886763,0.9812089714727783
286,0.979000122440629,0.9692868904963444,0.9876391739084307,0.9818463268406419
287,1.009051366311487,0.981246433487524,1.0251059647243168,1.0015588526101067
288,0.9810616767100336,0.9377564795626865,0.9815617738519336,0.9910786839775106
289,0.9153700284180005,0.8326064939173364,0.8943277334340853,0.9287138196227193
290,0.9783249530417648,0.9262105915314829,0.9731803644030114,0.9759740334142327
291,0.9248842164185561,0.8462526362392789,0.9075333544995681,0.9369200050883253
292,0.9642351730546979,0.9622752979999282,0.9701043686963865,0.9616891388702403
293,0.9616438455061972,0.9687161938586436,0.9854422096092136,0.9420220257543123
294,0.8872839947407539,0.929323413351534,0.8928653217721058,0.8832935035977586
295,0.9155409577106707,0.9267827934467625,0.9469786689500461,0.8983426916231305
296,0.9898036964777843,0.9747444692371788,1.0134328286247012,0.9929004817354158
297,0.9711685097789977,0.9222428838010537,0.9692056695536128,0.9812312595544421
298,1.0026996010087246,0.9823822129827589,1.0191387237359466,0.9988288964883334
299,0.9698010896278122,0.9742856556569808,0.9640453618302307,0.9560052896637791
300,0.9768281517939235,0.928319296141093,0.9852598643540508,0.9792853479466349
301,0.9975470604979112,0.9696018772891901,1.0150465482096587,1.0001165339615372
302,0.9510117306911392,0.8874778949051294,0.947242361699019,0.9603005522114968
303,0.9750471704864541,0.9266538851374502,0.9755900069601292,0.982120405877357
304,1.0036674868054596,0.9849376303165567,1.0300327490292491,0.9981637142365248
305,1.0127725821455524,0.9887368784697893,1.0419033914273284,1.0033406225462331
306,0.9917054264680275,0.9796801915089831,1.0108879384757916,0.9851101790737969
307,0.8969728817100574,0.9230063714583125,0.9291811395560559,0.886787356275459
308,0.9569012500865869,0.979405605131867,0.946434658555537,0.9293690550876496
309,0.9881586410967576,0.9750339952993926,1.0075179089146897,0.9886570203962386
310,1.006043326975767,0.9909226773223317,1.0177931241662788,0.9909039369483114
311,0.9041914848514923,0.893259774666849,0.8863017471106934,0.9551084909681359
312,0.9401202588826854,0.8685721777114259,0.9255205180715641,0.9546700855568985
313,1.0059682265621381,0.9904766743484796,1.0246774851527456,0.9961952867842281
314,0.9422165556387648,0.8813300024739616,0.9340890882407678,0.952003748943682
315,1.0085578184347737,0.9938571138485495,1.0209227145386295,0.9959020098654152
316,0.9574367345404795,0.8958313367117555,0.9533508063879109,0.9629556782361117
317,0.9631601333210537,0.9184819863363297,0.9408812618332602,0.9885995727583521
318,1.01241319219725,0.9945060660033203,1.0167465995973073,0.9803265770540482
319,1.00286099773459,0.967938465360967,1.0061668821450798,0.9924492667896134
320,1.003345965385891,1.0079138949441544,1.0048417786015433,0.9771060956421104
321,0.8905385907653354,0.9047926063268364,0.908370927550185,0.8989314248696051
322,0.9752742455680681,0.9261662190854545,0.9815952360369308,0.9748206664856354
323,0.9303611817157074,0.8544400102948048,0.9156026407670192,0.9433928637278589
324,0.9887336683452265,0.9790705276073611,1.0107541969749092,0.9858668967701787
325,0.9574998152572227,0.9613747779395176,0.9673468800487233,0.9436370731362534
326,0.9616256550826193,0.9727404586731131,0.9768198492517864,0.9437106610566678
327,1.0230579069875423,1.0115569477859057,1.0320165740085927,1.000899115233422
328,0.9533794014796241,0.8927344817820926,0.9313312225229129,0.9547187746043035
329,0.9779717562301268,0.9759221967175947,1.0001440474472028,0.9679291164545246
330,0.9898194106191756,0.9456603998013116,1.0025785016598012,0.9768919746746959
331,0.9507540335274705,0.8869210127553999,0.9394240050000433,0.9580699591036018
332,0.9529356220382244,0.8951467445989293,0.9447772474532797,0.96213200626786
333,0.2851939716276049,0.4258991875138631,0.2926953378695076,0.23744972544163484
334,0.8908551877501015,0.949269409871135,0.8883445708539655,0.8825893278380633
335,0.9757470301033221,0.9245661415559487,0.979568987272058,0.9699717995565129
336,0.9823158627093345,0.9816180942976102,0.9972607442650351,0.9778033859503433
337,0.9176481040861251,0.8378720182108996,0.8991629551891681,0.9317535746947808
338,0.9998757129014971,0.9905819633683908,1.0184539966184623,0.9892536593298196
339,0.9679829036373054,0.9120368439876942,0.9680125514051232,0.9714526280848258
340,0.9003528555224635,0.9225729641124709,0.9268099148789634,0.8949073794247776
341,0.98868343686314,0.9724220633859513,1.0093032796323815,0.9942482200230933
342,0.9714906852654589,0.9136447541506042,0.9563562008220995,0.972201497926398
343,0.9897441125275149,0.9461371703292082,1.0026935997229336,0.9801741642166782
344,0.9750365871788259,0.9706276130699385,0.9975584788158172,0.9607783935215711
345,0.9905324002587269,0.9429630391141403,0.9984994460822064,0.980051626554287
346,0.9843446867473238,0.9380297523777313,0.9934380227625892,0.9777497024681884
347,0.9514311262166206,0.9589101750041046,0.9712707851959018,0.9452139707684434
348,0.9598643849888926,0.95517485266924,0.9689002827747834,0.951499944657995
349,0.8846561107909893,0.9053822370251782,0.9197953089786669,0.8752081069055294
350,1.0027363241176805,0.9679381727978641,0.9936017522118672,0.9989361271361691
351,1.0075077758900148,1.010388893062144,1.0073328726723647,0.9794270175711546
352,1.010996754139009,0.9943199266489875,1.0298683081246796,0.9989857183031464
353,0.9995358411337022,0.9816010053994122,1.0101622364349525,0.9970637706673772
354,0.9847312135141011,0.9666470737472016,1.0076222088467996,0.9620683477507745
355,0.9352600665399874,0.866382762314857,0.9293537033583382,0.9475665165924954
356,0.8552425592819397,0.904407936151829,0.8421135274775802,0.8566932872570007
357,0.9565358032033922,0.892118175604342,0.9539080688911431,0.9635341745184733
358,0.9670878505554219,0.9767737778152008,0.9555554915610451,0.9551876041958921
359,0.922516582867318,0.8431584884693534,0.9034263546248777,0.9353692688056328
360,1.0151937393788264,1.0068500272795553,1.017667070747602,0.9844844326047516
361,0.9247235351644215,0.7936832715038933,0.922542739978036,0.974181860380157
362,0.8922495520481921,0.9154464963474825,0.9087268965042002,0.8962783904353557
363,0.9524810108822378,0.944938015025944,0.9713493343178395,0.9724061318812898
364,0.9968380210321051,0.9681350728674358,1.012715148039908,0.9967351742444093
365,0.9367891564417322,0.8655666909572483,0.9237376243098838,0.9437472005485514
366,0.976880461677103,0.9272819540026687,0.9840579614089008,0.9725416572854771
367,1.0054687213141134,1.002881631446443,1.0110042848821121,0.9704211432699067
368,0.9740718092829621,0.9254401891152514,0.9857210134640578,0.9751123615452825
369,0.8658085533250559,0.8906773256962813,0.9004250597259058,0.8629217372147933
370,1.0019551954126906,0.9776221905655219,1.0216448940411456,0.9968738937055412
371,0.9687981016860091,0.9152120074946221,0.962902977599179,0.9735536560469101
372,0.976797284773756,0.9269871012505025,0.983220412446464,0.9749459177546356
373,0.9533137179840747,0.9789228104734098,0.9507316234770289,0.9282558935542832
374,0.9724398701683089,0.922261757565291,0.9818733761257835,0.9754741895855369
375,0.9275467109405828,0.8057787831283069,0.9228727144668425,0.97704795973813
376,0.9615261174826849,0.9444130753153116,0.9343164988524004,0.9829958657048166
377,0.9012169661599077,0.9273373218496251,0.9310244419085444,0.8946345762237253
378,0.9719464489861299,0.9217212508001362,0.971455334359045,0.972165141695608
379,0.6672577932888494,0.7773555882441573,0.7436233084248796,0.6653882833781795
380,1.0079364069081709,0.9807146153731146,1.0288256131799343,1.0015203076199615
381,1.0162444777956923,0.9903674911482737,1.0373589813834738,1.0024570265904436
382,0.9269335539002587,0.8480583600059249,0.9082725814806852,0.9430906374096851
383,0.2755030766535658,0.4005697970388434,0.28204038342097865,0.23247126370867466
384,0.9098921331643756,0.8327130651027238,0.9421423305837029,0.9033407084926703
385,0.9915679068689197,0.9745421731322352,1.0103794025387793,0.9944742051616596
386,1.0088021233664368,0.9812449453031242,1.0307023666322495,1.002152339384424
387,0.9895204246870029,0.9733560662091355,1.005427154954155,0.9938955226132876
388,1.0011065990686703,0.984764067430838,1.0040981058438452,0.9931372015128987
389,0.6532336380214757,0.8010604947640144,0.6169389183329836,0.7054285894384456
390,0.9210527225693893,0.9596048358704848,0.9044179949987811,0.9121303115724451
391,0.9640851337677789,0.9015767490830859,0.9548289712714215,0.9777937201846006
392,0.9897686495311144,0.9526625148145242,1.0045369885052067,0.9922463165005235
393,0.9784820538490203,0.9296538135978711,0.9907774694872203,0.9743600639269198
394,0.9745755201235999,0.921729056634267,0.9598845079243418,0.9812566893474527
395,0.9982985029153421,0.9810225106050008,1.0161015558298383,0.9966391542721446
396,1.001638339755692,0.982888543217836,1.0228206601510477,0.9864465320109126
397,0.9297476900833128,0.8567943942707811,0.9184999718993164,0.9362494689510672
398,1.0007273531340635,0.9812242598515609,1.0298556777928394,0.9967255769922551
399,0.9829454692895004,0.9359177004155116,0.9887979512789408,0.9726610671427625
400,0.9199162306519114,0.9538152350149829,0.9216025611122795,0.9167999869683655
401,0.9859542198976825,0.9466750317538847,1.005367468130826,0.9886341882556646
402,0.9854097637288692,0.971390335529534,0.9968405529358555,0.9893757709448293
403,1.0024216480121502,0.9840858277623094,1.029402494236566,0.9999585956365189
404,1.0051312379668107,0.9826714241533259,1.0343076751045006,1.0025903741472657
405,0.9547673819507179,0.9044026406020322,0.9240147693192532,0.957311321138711
406,0.9721882328166255,0.9183103985305863,0.9707893977505031,0.9723845700080286
407,0.9941910351883178,0.9981154723624307,0.9910798246216287,0.9655348387345951
408,1.0093919435262912,0.9923829768093754,1.030625879550312,0.9990702840275351
409,0.2662195020910603,0.44731383224390864,0.2801935781100633,0.22669553938920506
410,0.9774688468000762,0.9293339367948227,0.9619974375587617,0.9859003045559621
411,1.0014411585943936,0.9841385077087863,1.0265294825432827,0.9951228006796982
412,0.9837636135960867,0.9387054848087965,0.9936013809934945,0.9813329301376423
413,1.0113263492337468,0.9909333748255521,1.0368312465265537,1.002723154169681
414,0.8327853152356673,0.8957637057896632,0.8685036725082222,0.8300761450673557
415,0.9166673144457729,0.9364299424336481,0.9445061372765675,0.9022737406080048
416,0.8837392011724792,0.8977187508521653,0.9155164234834473,0.8881683111005484
417,0.9669538307053901,0.9615686017994848,0.9728636222648532,0.936197120897793
418,0.14922251051158308,0.3073924319933721,0.1716686565469327,0.10522345854880004
419,0.9117880595500175,0.8233958274259829,0.8919092738757789,0.9294649395745931
420,0.938700682808453,0.8746551743526828,0.9216336279782544,0.9802654879387985
421,0.9407005609668634,0.8706159188226765,0.9289578950261574,0.9501861833900277
422,0.9457819315430204,0.8774800576310731,0.935871275610376,0.9566938104670059
423,0.5099360056248374,0.6697159661842438,0.5530230781007255,0.47842339486712
424,0.8804341719437061,0.939264147391663,0.8721794891913494,0.8725459373098127
425,1.0134782257977348,0.9905967638566802,1.0358575042775662,1.0020022889790237
426,0.9565865475046083,0.9840565664416813,0.9519061379241244,0.9361309877162615
427,0.9517211230737613,0.9816972509280134,0.9515839604139695,0.9321614957491361
428,0.9911796341230139,0.9543517723263736,1.0113658716745737,0.9893047216709974
429,0.987350007839021,0.9677680279382914,0.9878010962704727,0.9432036963581668
430,0.9788284970077988,0.9706626124401583,0.9890864842456638,0.9774761541743755
431,0.845968701751015,0.8955917002818018,0.8357848144608423,0.8569014045470149
432,0.9443907183061727,0.9448069438906259,0.973602337504353,0.9259992434221411
433,0.9998369381841984,0.9843092129044644,1.015086553678026,0.9941048409044079
434,0.894369557425596,0.916200195870336,0.9178087732245658,0.9019671670589723
435,0.9248387042059932,0.8571805624107277,0.8858356256301702,0.9213104009416246
436,0.9716685215991736,0.9199893950525614,0.9764263226798306,0.971984958338394
437,1.008088785800724,0.9957553193333848,1.025427016897027,0.9917214776487298
438,0.9839463145139146,0.9701258898840268,0.9996346379229694,0.9895303384922403
439,1.0064089823817532,0.9898093946241536,1.0282336915553518,0.9959296417058565
440,0.982862967874532,0.9361626282375213,1.0004182887509538,0.98026545361595
441,0.9875706606753896,0.966720626213588,1.0140829053738294,0.9970226724889337
442,0.8829282609357919,0.916070170345875,0.9182734510327022,0.87293927138249
443,0.8997464314498963,0.8886843012093045,0.9170316636656202,0.916873055932281
444,0.9708879479721882,0.9193223589211993,0.976880534068535,0.9775222756826142
445,0.9972279011681472,0.9626266041242181,1.0098620243028362,0.9897256774972488
446,0.916694783195266,0.8343280382956489,0.8941701454904682,0.9414177989387231
447,0.8784153976848796,0.9286311780578761,0.8593996578571911,0.8613192080815326
448,0.9291269748486781,0.8722246084097682,0.9003078566144579,0.9211727908264256
449,1.0131205601393358,0.9980099138473619,1.016600095692645,0.9987733496925498
450,0.9030879610303233,0.9341361962190934,0.9131853557825421,0.9023241281929808
451,0.9346174575566994,0.9449319123693091,0.937176136934529,0.9407770780083762
452,0.8894615765277465,0.9113029424952462,0.9207890070641759,0.8849071048376346
453,0.886319055446824,0.9219549960253601,0.9126772515342239,0.8675048625067417
454,1.0006083415802416,0.9840022162471109,1.0258109634347483,0.9967299477307493
455,0.8686360811618542,0.8675405805018196,0.877102140783811,0.8886418278475289
456,0.975634379615182,0.9265552886799074,0.9839451654897959,0.9764908994664688
457,0.9348737031874513,0.9502555901277943,0.9550380553294617,0.9035671548027729
458,0.950811304864319,0.8896392895436738,0.9391129233831129,0.9579747472928889
459,0.8512624450323414,0.8944359970455081,0.8646288189298088,0.8866922735970424
460,0.369410675389374,0.5743641743259581,0.3913867610093232,0.3403075870463759
461,0.9216033665827903,0.9031081841398662,0.9338788156278743,0.9260727119180602
462,0.9754975840594411,0.9242812367115912,0.9509473006511937,0.9890697217547342
463,0.8607898400778432,0.9035018553835338,0.8645695917676651,0.8758671553005415
464,0.98896429623267,0.9904210346124757,0.9797991429690991,0.9570742583912599
465,0.8773722552480123,0.9208885479104664,0.8967319217590766,0.8734235606721327
466,0.9653051443598495,0.9769229968992351,0.9758094471251798,0.9358219702559994
467,0.9624478900166769,0.9489603978832704,0.9820174522818508,0.9387039657180962
468,0.857484181661826,0.8895452480617727,0.8631294571214979,0.8768307301566618
469,0.9063665775025332,0.8723776274977963,0.9566633027380375,0.7932232579234418
470,0.9934281319495496,0.9574355730931539,1.0001385296811858,0.976980859388325
471,0.9816147284930914,0.935510927356996,0.9918701743978325,0.9788597851472712
472,0.9827417789890543,0.94025132964628,0.99065493206328,0.9792778117593084
473,0.9975735252240907,0.9831250722661201,1.0179876452944108,0.9946694796258067
474,0.8644448951457181,0.911155417154161,0.8930653587225439,0.8606420345447924
475,0.9898356181373498,0.9658373222815055,0.9904325628828119,0.9895354085949594
476,0.9803208610244671,0.9298564580946569,0.9741933706940296,0.9798743839642277
477,0.9942885141580696,0.9544657278790488,1.0086371041717879,0.9967188677495971
478,0.8922421707313276,0.9125536838534041,0.9260573002227314,0.8755671172016046
479,0.961356058743912,0.9631223694328832,0.9741509087781695,0.936920874203844
480,0.9240251374097864,0.8431980517077341,0.9098996378688295,0.9344821317857214
481,0.9945322186631956,0.9565414430232443,1.0037883034249075,0.9804572032166418
482,0.9167823556302618,0.8397944584178767,0.8964474811387926,0.9283110364837427
483,0.9860292634239767,0.9672867078403686,1.005462707430844,0.9717931954547402
484,0.9646810200356899,0.9095050872394022,0.968587789256274,0.9712430461760331
485,0.8737622587368145,0.9274798088363788,0.9018984972219877,0.8647888804137378
486,0.8732934669287601,0.8934390264252908,0.9019712399718622,0.8587066163886204
487,1.003746796472513,0.9862473154003427,1.0219718841699756,0.9971812415854165
488,0.9899819082774504,0.9524290366421756,1.0092281764363082,0.9898154701056704
489,0.9509833767402766,0.8868856850435741,0.9445628144166649,0.9597364323493116
490,0.9984212765563418,0.9875335124960263,1.0081637611214553,0.9869987907862374
491,1.0228823407894545,0.9904903470848057,1.0209056146442754,1.0005661043565448
492,0.9207207544555569,0.8376279742218344,0.8993224728651642,0.9356306779177428
493,0.9892586615188383,0.9751972546927976,1.008657073036362,0.9909684933792876
494,0.9052584889251405,0.9142004736847335,0.9399098013769875,0.8891809294061623
495,0.894737524580414,0.9132943761750185,0.9226197033516703,0.8932881697967359
496,0.9394719662259133,0.9438872990493207,0.961999828078307,0.9391483695462957
497,0.9535952760726631,0.9683607670502936,0.9639962756541359,0.918571847326776
498,0.9959118853779408,0.9800137174361863,1.0181474835617652,0.994924418845587
499,1.0055724720889252,0.9865108491135008,1.0204806058869185,1.0009114018347978
500,0.9379625352419299,0.9287124785170506,0.964825931391199,0.9274416450704047
501,1.0027384510452493,0.9934411894192455,1.0279183526562528,0.9853143457438908
502,0.9006850307136989,0.9114680129754319,0.9330810648097131,0.8940053629178888
503,0.9844989580795216,0.9732662662358559,1.0027070972616487,0.9835228061675224
504,0.9574031788056754,0.8993532843746694,0.9515038826991851,0.96393242012351
505,1.0101950772751074,0.9892188934390099,1.03366944924599,1.0023032488875991
506,0.9911444770415253,0.9540113573069776,1.003661630753531,0.9949012309034895
507,0.9866355165456864,0.940185648967004,0.9976919528133622,0.9784791508767763
508,0.9272577876479375,0.8466400111696469,0.9066887434467148,0.9420579947122474
509,0.9764773519476105,0.9713383886700138,0.9969028162142559,0.9242324324793318
510,0.9684879446060763,0.9620631727322387,0.9809748772656298,0.9452771439887753
511,0.9555777634722359,0.8929382873650615,0.9518316009419667,0.9645868353096099
512,0.9931204436232192,0.9781828706244846,1.0154372911036762,0.9928343370641073
513,0.9122088964354135,0.9244457138492953,0.9405880793353757,0.904225303840697
514,0.9725710783712854,0.9261942036090486,0.9624056723123073,0.9512378288522557
515,0.9931139957070168,0.9573034043690759,1.0107029978608104,0.9922604224397017
516,0.9952870573633069,0.9756472502481183,1.0215317494827083,0.9796764249709541
517,0.9289805627526607,0.8532667649462684,0.9075686835258634,0.9388363600887727
518,0.99162608151631,0.9893688730485176,0.9747225930817461,0.9716010395833038
519,1.0074515848955388,0.9864962238819337,1.0288378248152885,1.0015175088401023
520,0.9499758303806318,0.9340012596308818,0.9874213527186978,0.8664758216396038
521,0.9322632558820555,0.9585756794164547,0.9314525327989975,0.9116988969885302
522,0.9036000414719423,0.92426543759379,0.9368633575201891,0.8954672555543001
523,0.9773122315189273,0.9321990496438501,0.9747603305162544,0.9747063001674658
524,1.000924806472942,0.983926140954688,1.0278780945396186,0.9963742543767937
525,1.0075091062089345,0.9941187712966805,1.0174129543503598,0.9526393580597683
526,0.985324784465667,0.9392956825651695,0.9976409117225639,0.9774468380655128
527,1.0044647700284988,0.9775210661515523,1.02678982054015,1.0020332415833573
528,0.9831869698844496,0.9726812938408077,1.0109303956520788,0.9621927251043996
529,0.9893998654897311,0.9769156137204391,1.00842272247069,0.9873936871344847
530,0.9211768601072562,0.8344898210791658,0.9060589701742525,0.9421442068756484
531,0.8836270068370422,0.8978398155420484,0.9106169305345353,0.8897563765880853
532,0.9905659654236117,0.9772812921131978,1.0066527113355872,0.9896658601138958
533,0.9993508851279077,0.9835446974875984,1.0250014926243194,0.9953555777371415
534,0.8934381132384582,0.9120153968214487,0.9253808925326961,0.8889674184075469
535,0.8927170973226751,0.8862544984326309,0.896879626077042,0.9023858884484005
536,0.9025649747067191,0.8491527711259425,0.8546991676641089,0.8854692953630955
537,1.0035754376689558,0.9851279186348032,1.0314559692238863,0.9950786286249557
538,1.0009752863417414,0.9888026000209208,1.0270661345092076,0.9873350747460725
539,0.98927745780288,0.9762899375357256,1.0105891721266949,0.986898373633808
540,0.9984735945462917,0.981714255928522,1.0207332663681832,0.9969518392020228
541,0.9924464999084602,0.9757268866881046,1.0085939871573752,0.9946495862003009
542,0.9256436655207363,0.9381720824873009,0.9512349624168704,0.9053569974392143
543,0.9797351906437295,0.9322553088695439,0.9801925999488852,0.9841769906347305
544,0.9436313494547817,0.8730389556287159,0.9346476558087073,0.9566667817598038
545,0.9406604968429714,0.8678035895029728,0.927936811250777,0.9590984737746184
546,0.9749936521360258,0.9720916436330823,0.9700788247959604,0.970541290885342
547,0.9304007522715805,0.8549518869662682,0.9146910858758979,0.9436710245105607
548,0.8888048235750841,0.928882123467771,0.879819947397083,0.8773280523383704
549,0.9045971501515376,0.9278396683220647,0.9082976629276659,0.9122740799871054
550,0.9506198055626711,0.8748496686087124,0.919835852476392,0.9680449411300477
551,0.9773682638104435,0.9244834066309581,0.9751585354359869,0.9618434334952934
552,1.014347490057449,1.0012284438216703,1.0281319665529434,0.9969374142769618
553,0.9966782196442456,0.9631773347852322,1.0245703261703847,0.9964094290823218
554,0.9953743794144961,0.9637384124359871,1.024405755322325,0.9947012950133002
555,1.0011180404304973,0.9695934005533249,1.0241501579278383,0.9961102686838068
556,0.20781599494588904,0.3878511975767759,0.21640133434102815,0.16660246473242957
557,1.004045031796732,0.9733654481893895,1.0226446242666423,0.997600649305498
558,1.013119617364507,0.9934767033867238,1.0260268067249614,0.99655558187935
559,0.9884338420899805,0.9842870079311036,0.9703079624615825,0.9601910470912998
560,0.9477255401655393,0.8789693700211535,0.941986130877213,0.9577583757963087
561,0.9790554557076445,0.9249023683007689,0.9468399821043896,0.9854730232481267
562,0.998220253936386,0.9762141135369206,1.0205959107894658,0.9852136566010188
563,0.9038536621186236,0.8871044385547425,0.8848867328589836,0.9062965044873114
564,0.8837468040480966,0.9312110925861179,0.8632046753603879,0.8697798510925879
565,0.9588886907487095,0.9636519686615295,0.9902093893062258,0.9251821694590804
566,1.0040913661691169,0.9855167863303319,1.0118211137394562,0.9963116455376355
567,0.6149639925099573,0.7595545624682356,0.6601868351837955,0.5798742272568091
568,0.9585665597531873,0.8997911560988918,0.9521296678241503,0.9628727988548109
569,0.968711641909319,0.9145003591200692,0.9755566561465657,0.9719697899195702
570,0.9512366384778692,0.9568815385578481,0.9662233066197622,0.9121419012205512
571,0.9931748752425333,0.9677301269876522,1.015344731313819,0.9831052416145808
572,0.9048153189662519,0.9166007634960779,0.9385822928519062,0.8986922163893397
573,1.0017268912316726,0.9790351828772391,1.015934598778719,0.999437784807831
574,0.9650551747788744,0.9107368642790133,0.9705805649619308,0.9691784755227182
575,0.9317221057427839,0.871281062914083,0.9000303906868827,0.9395637026494452
576,0.9551867188102957,0.8904377925471819,0.9433882082655252,0.9650924900725681
577,0.9915716752724156,0.979907739023649,1.0072577035310175,0.9871372716539716
578,0.949455296257262,0.8827407497934445,0.9424147387072893,0.95779893225211
579,1.0008336751259512,0.9842070135293284,1.025575391482696,0.9956806936104288
580,0.974993850692206,0.9240395665870196,0.9801370632859447,0.9764878591308473
581,0.9863168492216554,0.9741978637738293,0.992538080317664,0.9862176006777431
582,0.9188271969098313,0.8455504826645883,0.904022672013254,0.946839119454701
583,1.0108074772849167,0.9950122976445727,1.0191771505491134,0.9831139360443805
584,0.8953654329373226,0.9259363917102751,0.9046879069914092,0.9061635202950094
585,0.9617138290641406,0.912642908402186,0.9590281680714422,0.9669778119895991
586,1.0150173514384766,1.001764648397667,1.0268423054448608,0.9966996283961996
587,0.9876242529857785,0.9740928442336888,1.004145041806049,0.9895842556864466
588,0.9660415676960017,0.9096813573924201,0.9673740658901657,0.96854831115082
589,0.8959547161917318,0.8979062643265425,0.9343236882284622,0.8382101869084267
590,1.018556511951579,1.004641667420914,1.0280270989164393,0.9972426720786304
591,1.0002567087835657,0.9814514752567887,1.0234546464648024,0.9992028249086093
592,0.9093722568404031,0.9431389092338951,0.9269072295172283,0.8975225891759259
593,0.9985975585922762,0.9792941591508508,1.0124521179571746,0.9980716817106985
594,0.9010513739445456,0.9127469087771168,0.9324827964257613,0.8993968278942419
595,0.9749524987248349,0.9250544778168592,0.9851848104418365,0.9786510251205696
596,0.999345791107881,0.9836669210604481,1.0162619639186452,0.9953399697958029
597,1.0115703657194501,0.9930293866710542,1.0288546683137645,1.0025349175943337
598,0.833431171742229,0.8979212377080182,0.8173892801780955,0.8377669858793075
599,1.0118919728330622,0.9946572417171734,1.0314451620474383,0.9986069304575212
600,0.9946654818161859,0.97942974914723,1.018229596473878,0.9932440077183476
601,0.9157608564490298,0.9294034391001641,0.943382652712781,0.9004429705846924
602,0.9722024312435474,0.9808439998877045,0.9912104830122487,0.9586480840749432
603,0.9288886768129235,0.8545456408194008,0.914498402496983,0.9354385975973796
604,0.9960332166835386,0.9606712419431629,1.0013898004695891,0.9831582683219945
605,0.9505820521591477,0.9599444996588293,0.9670232909297631,0.9506232485396191
606,0.9640781426030819,0.9227404995529512,0.9384353248073051,0.953260580616624
607,0.9183866630060656,0.940501244436245,0.9293856431017536,0.9226676316274783
608,0.8985777063123825,0.908890847633407,0.9257874249127954,0.9007038076607079
609,0.9868235488739044,0.9961672919751692,0.9849524097116311,0.9631127096480206
610,1.0144968749696268,0.9922509946858331,1.0359664348704958,1.002534247118632
611,0.9116141279475947,0.9444042807045215,0.9368640582172878,0.8887706320865107
612,1.004439767380566,0.9822249749599841,1.0160504684863036,1.0010917582331154
613,0.93633814912319,0.9090199487816303,0.9204938765080296,0.9627114989525424
614,1.0121760136866143,0.9887110687638065,1.0397498549508,1.003055899037556
615,0.9424511250546648,0.8747872489813667,0.9354346943986357,0.9511101343359606
616,0.8274712619237957,0.8807760369622406,0.8221322183528552,0.8446232944241681
617,0.9995570736427409,0.9825233355448116,1.0263717735563713,0.9982696132167389
618,0.9671200076287916,0.9098459836741032,0.956171514881989,0.9635971793434673
619,0.9072527856397853,0.9325796891956576,0.9377660488584056,0.8948960236548165
620,0.8620749754001482,0.884990480467058,0.8783209779851291,0.8847770828299152
621,0.9737592772093316,0.9230498013641383,0.9741126566269239,0.9792245740902025
622,0.9455623980622078,0.8792667085144602,0.9309164702105709,0.9536928540451813
623,0.995012542209536,0.9764282617227145,1.0103932440505903,0.9970172101572538
624,0.9653257985826962,0.9161182550352394,0.9640650724910725,0.9377057059083025
625,1.015210878954896,0.9923284632789748,1.0399327368669695,1.0037843542411258
626,1.0199043799379484,1.010536103160597,1.025559430824969,0.9919449021636751
627,0.8807092769531196,0.9199335328791484,0.8835733726015352,0.8897692008634893
628,0.9098488295302598,0.8629425938106878,0.8823565827507254,0.9648193306840008
629,1.0042972163090944,0.9849709563220709,1.0328477484283158,1.0011034749250762
630,0.9972791291579524,0.9644887554629006,1.012253159662465,0.9940636175240618
631,1.0032980210382982,1.005559813683457,1.0049050009166862,0.9811452142330374
632,0.9720453277381623,0.9265560585949126,0.9687631924504472,0.9759038835826935
633,0.9746119808046648,0.9752816291821516,0.9759788804200483,0.9673521903416926
634,0.923757278057742,0.9557617233002049,0.9390847669636581,0.8982803834596224
635,1.0110907192291145,0.9901096710450261,1.0347881080631482,1.0027852953994385
636,0.9941280350369798,0.9803748729693053,1.013456456465455,0.9907291976259982
637,0.9944196841383132,0.9789045225599851,1.0190971463071523,0.993448808932581
638,0.9550099713693071,0.9704015390557225,0.9666265076281201,0.9222270122637418
639,0.8873415275929742,0.9141996177504321,0.9211878389222651,0.8780619312408504
640,1.0045434615457953,0.981768097437676,1.0335975174876684,1.0018628860464542
641,1.0027800508920286,0.9790357936625799,1.0295591362676386,1.001318882766963
642,0.9944394437430653,0.968774852904086,1.0103893865531586,0.9951555071751238
643,0.9704909925112043,0.9634624601894471,0.9885623379413083,0.9276892035421438
644,1.0185439083748782,1.0021843868697724,1.0342402415802379,0.9969399518714721
645,0.9752454193334223,0.9253548332747957,0.9853367649826024,0.9755452472777012
646,0.9614105926456752,0.904061781871042,0.9526089503677702,0.9675713934125109
647,1.000300146047384,0.9798990808337639,1.00605327445288,1.0005817792111875
648,0.9341588245836319,0.8592326641866778,0.9229186223252064,0.9453248496405722
649,0.9045235178521003,0.9488518096716879,0.9120781280986598,0.8907189046854118
650,0.9733139200804899,0.977216163580102,0.9883356407538956,0.9653403854840615
651,0.7631230840185264,0.8862609692611948,0.7826910576690548,0.780620599636603
652,0.8836589396967082,0.9063941346200632,0.9117251363897586,0.8836031615037975
653,1.001920467684996,0.9849238815595812,1.0227104761874195,0.9979616183465468
654,0.8824163279746363,0.9172902560650189,0.8656742635545543,0.8900206717527317
655,0.9718104740721869,0.9191044449752154,0.9722374487559821,0.9676748508764484
656,0.887470836940082,0.8788615328578244,0.9182000080865217,0.7687753448587789
657,0.914918914948108,0.9186993302817437,0.9491180117191726,0.8948342211818662
658,1.0118697852033935,1.005445797312741,1.0087958585357573,0.9816800739890764
659,0.9301452297878041,0.9502442313561924,0.9481560059277772,0.8910681236184181
660,0.9760535247063052,0.9805509734323752,0.9841387354629794,0.9596502931172312
661,1.0116260760600126,0.9937206001675393,1.0348665830341297,1.0014564650804083
662,0.9067999699088072,0.9220368882068902,0.9396461256248242,0.8954944716482917
663,0.9828678542701439,0.9397037286036756,0.9849203924887514,0.9918530444494223
664,0.9594837097365623,0.9633117393462969,0.9635851629858904,0.9558262402656378
665,0.9678079197936231,0.9121061196129362,0.9693972289939718,0.9756104319451089
666,1.0151856182867482,0.9918239178984444,1.0254725452531745,1.0023853885186125
667,1.0145851573609677,1.004534041566352,1.02317531122385,0.9945047129395329
668,0.9566573243389229,0.9485814923172349,0.9728426290390332,0.9515013970548613
669,0.979329317021139,0.9321605842219945,0.9709621309424707,0.9689691172357542
670,0.9925486156582028,0.9581113586453696,1.0155128181093138,0.9920658195479856
671,0.9953169841064913,0.9807949795549551,1.011267317979527,0.9930767229693203
672,1.0162417310880658,0.9881025473684517,1.0173318665578563,1.001828097995453
673,0.9862016527782705,0.9461834299800698,1.000343927483389,0.9899451811360063
674,0.9935642115777908,0.9532183061280131,0.9987549943271283,0.9804845122959033
675,0.9918168058384297,0.9826908349575197,1.0046288379591144,0.9814861233933617
676,0.8831065723657419,0.9082280182240832,0.9093772426535588,0.8837997279132734
677,0.930895115450059,0.9560534925603272,0.9487715892208444,0.9148497166051556
678,0.9954086234048349,0.9857157536559701,1.0163841963123115,0.9885516581542185
679,0.9965084297186878,0.9742187100654429,1.0189167212310752,0.9890508503712926
680,0.8749928231644881,0.9170584851975542,0.8942629879807993,0.8786817432998495
681,1.0011352857428661,0.9880715468698686,1.0196418186657454,0.991666712268538
682,0.9793591912564457,0.9691059199069968,0.9886108623602848,0.9817384176829447
683,1.0023638477947288,0.9889616832880931,1.0208074589103093,0.9875487879719826
684,0.9879468606945192,0.9746140542965,0.9931294055779718,0.9889258825224732
685,0.9916270760414132,0.978891530112746,1.0004994678543142,0.9885582254967981
686,0.9703177233583214,0.9160349958235929,0.9730287802439335,0.9700165345377254
687,0.9769146146517836,0.9232028773122075,0.9693379455316897,0.9792490878709285
688,0.34820341983469627,0.4550335895248151,0.3674307009190391,0.30619272297539574
689,0.9899455767847206,0.9478580420138545,1.0125209342055956,0.9880158220347838
690,1.0166774695142948,0.994417741185895,1.0303925124388085,0.9988904361027781
691,0.968763522356337,0.9149503348715421,0.971785357111896,0.9723412520101933
692,0.47747956068125574,0.6130299023171166,0.5356311097096016,0.4233727228248446
693,0.9433698491869176,0.8852035967988694,0.9230343062156559,0.9509257079102489
694,0.9329747812363558,0.8600227239376573,0.9124051586619552,0.9488791227425742
695,0.8854490162513777,0.9481174582040583,0.8844851262555234,0.8734532577727051
696,0.9995447049857492,0.9712513985363503,0.9907999370142615,0.9987541654397966
697,0.8978172234874385,0.8544803786676247,0.867101297157401,0.9497962965022905
698,1.001399744176227,0.9833740682870024,1.0263948797098978,0.9905443039763555
699,0.9949403922239319,0.9744478252288548,1.0098084552435291,0.9983032667821786
700,0.8721460319027268,0.9108867388678935,0.8576203956830794,0.8854410025637424
701,0.9685114495400593,0.9730479750977553,0.9698533626454495,0.9615419403815534
702,0.9420994915591497,0.9166321749433772,0.9683604208278732,0.9364354820042466
703,0.914205715895638,0.9023193242901686,0.9310023380126154,0.9246206163124034
704,0.9006056402898234,0.935629672461746,0.9216991698499096,0.8826211448228785
705,0.932508529368902,0.855294988467621,0.9091071509734944,0.9499175165764778
706,0.9644804228939333,0.950999549256328,0.9903705342313947,0.9115665926859301
707,0.9841482392068034,0.9405182425727705,0.9994002370046928,0.9874388579431983
708,0.973458390014446,0.9195378827262197,0.9763439519029868,0.9704198041831711
709,0.990646219144765,0.9773550619585261,1.0082894619119922,0.9894213836820855
710,1.0062477983638967,0.9954219819787236,1.0198470747107875,0.9970678338352982
711,0.9599549248826814,0.8928465609300408,0.9480755520659205,0.9605370948929898
712,1.0190332310583132,1.0014606201101541,1.034432711452129,1.001785396242802
713,0.9128759396020621,0.8204928874942408,0.894563386996432,0.938420093382856
714,1.0062723051270033,0.9891110125093044,1.0308721777304504,0.9984960731525843
715,1.0049552403573474,0.9799138841601311,1.0007503111030054,0.9786285602758381
716,0.9553267431775855,0.8908275699164385,0.9501416484912065,0.9708720099918258
717,0.9922049887912363,0.9795852118514875,1.010746508647684,0.9893184711065126
718,0.9513531658726032,0.8840037900980346,0.9463187545286044,0.953556852656182
719,0.8900060784390473,0.9111906259081612,0.9251379346181124,0.8891743007524069
720,0.9894739754125509,0.9800550180985437,1.003470863973511,0.9717015967946945
721,0.981597818083892,0.9325515037539254,0.9878084959922963,0.9780703336400832
722,0.9986532304489415,0.9687814348277117,1.0246480468903345,0.998615434245073
723,0.11634140223845994,0.2539721185783943,0.11099120829983289,0.06894756291328333
724,1.0042179022928683,0.9864927670800163,1.0336715179168514,1.000658671294167
725,0.9864242334383096,0.9714503063941715,1.012485799414298,0.9767291585332595
726,0.8875775290746281,0.9417932741722517,0.8694122973699585,0.8802848435779455
727,0.9936468195512109,0.9771503105484215,1.01459600545848,0.9952512559030138
728,1.001579019298098,0.9775974252309896,1.0375175355117283,1.0008994062510568
729,1.0172702653772903,0.9936308089271159,1.0387899947726065,1.0038151022771233
730,0.9430676898702316,0.876131014427713,0.9373443186222853,0.9534877150139841
731,0.9742726611762171,0.9844591597612146,0.9600499848677843,0.9505942867283013
732,1.0017957257010968,0.9676360705174853,1.01638583057465,0.9895965643256109
733,0.9594938052881238,0.9015205045273157,0.950638814309832,0.9817573708472651
734,0.9943697901935739,0.9777992284604032,1.019652494904263,0.9968176164926283
735,0.9782904721790106,0.9467396219349957,0.9585705354375386,0.9907281892652635
736,0.962455110754523,0.9077982913922004,0.9556593984785845,0.9642128916994057
