oid,class
108,DSCT
684,RR
900,CEP
1017,CEP
1314,CEP
1369,CEP
3468,RRc
3547,DSCT
6131,DSCT
6135,CEP
6311,CEP
6737,RR
7282,RR
7408,RRc
7652,DSCT
8212,CEP
9083,CEP
9335,RRc
9974,CEP
12647,DSCT
13292,DSCT
13867,CEP
14670,RR
14726,RR
15391,CEP
15447,CEP
16099,CEP
16593,CEP
16619,CEP
17154,CEP
21888,DSCT
23101,CEP
23272,CEP
24033,CEP
24287,RR
24714,RRc
24891,DSCT
26687,CEP
28092,RRc
28183,CEP
28185,DSCT
28455,RRc
28498,DSCT
28747,CEP
29160,DSCT
30228,CEP
30790,CEP
31445,RR
31614,CEP
32251,CEP
32712,CEP
33742,CEP
33855,DSCT
34339,RR
34667,DSCT
35213,CEP
37816,CEP
38539,DSCT
38945,DSCT
39278,CEP
39955,DSCT
40271,DSCT
40768,CEP
41840,DSCT
42047,DSCT
42974,RR
45060,CEP
45254,RR
45962,DSCT
45981,RRc
46334,RR
46692,DSCT
46813,RR
46904,DSCT
48820,DSCT
49593,DSCT
50025,CEP
50054,DSCT
50494,RR
50540,CEP
50640,RRc
51623,DSCT
51891,RRc
52086,DSCT
52199,RR
53110,CEP
54967,DSCT
55686,RR
55687,RR
56510,RR
56672,DSCT
57399,DSCT
57433,RR
57459,RRc
57485,CEP
57745,RR
57941,DSCT
59038,RR
59512,CEP
59957,RR
61535,CEP
62935,DSCT
62973,CEP
63638,DSCT
63902,DSCT
64183,CEP
65131,RR
66070,DSCT
66857,RR
66906,DSCT
67299,DSCT
67418,DSCT
67449,CEP
68575,CEP
68951,RR
69576,RR
69581,CEP
70422,CEP
70455,DSCT
70875,CEP
71337,DSCT
71809,CEP
72262,CEP
73138,DSCT
74034,DSCT
74538,DSCT
75308,CEP
75445,CEP
76431,DSCT
76745,DSCT
76773,RR
77765,DSCT
78503,RR
78540,CEP
78931,CEP
80112,CEP
80313,DSCT
81063,RRc
81905,RR
82071,CEP
82665,RRc
83539,RR
83555,RR
84247,DSCT
84313,DSCT
85093,CEP
85454,RR
85708,DSCT
86051,DSCT
86122,DSCT
86471,DSCT
86920,CEP
88372,CEP
88668,CEP
89648,RR
91032,RRc
91191,CEP
91703,CEP
92442,CEP
93340,DSCT
93348,CEP
95669,DSCT
95957,DSCT
96987,DSCT
98267,DSCT
102168,DSCT
102225,DSCT
102720,CEP
103540,RRc
103864,CEP
103977,DSCT
105468,DSCT
106993,RR
107219,RR
108099,CEP
108715,DSCT
108761,RR
108952,DSCT
109125,DSCT
109554,DSCT
109856,DSCT
111438,RR
111588,DSCT
113900,DSCT
114961,DSCT
115728,DSCT
115772,CEP
115843,DSCT
116143,RR
116354,DSCT
116485,DSCT
117791,DSCT
118612,DSCT
120979,DSCT
121383,CEP
121599,DSCT
121986,CEP
122081,DSCT
123525,DSCT
123894,DSCT
124023,DSCT
124484,DSCT
125333,RRc
126147,DSCT
126396,CEP
127066,DSCT
128674,RR
128980,DSCT
129155,CEP
129709,RRc
129939,DSCT
132195,DSCT
132358,CEP
132482,CEP
133296,DSCT
134857,DSCT
134879,CEP
135051,DSCT
135079,DSCT
135635,RRc
136680,DSCT
136702,DSCT
136944,CEP
137078,RR
137621,DSCT
138536,DSCT
138557,DSCT
139154,RR
139164,DSCT
141687,RRc
142046,DSCT
142307,DSCT
143103,DSCT
143121,CEP
143294,CEP
143482,CEP
144155,DSCT
144849,DSCT
145878,RRc
146319,DSCT
146503,DSCT
148450,RRc
149369,CEP
150700,DSCT
150754,CEP
150792,CEP
150807,DSCT
150857,DSCT
150994,DSCT
151113,CEP
151443,DSCT
152267,CEP
152349,CEP
152805,CEP
153254,DSCT
153428,RRc
154808,RRc
155194,DSCT
157496,DSCT
157832,CEP
157875,DSCT
158780,DSCT
159440,CEP
159631,DSCT
159734,CEP
160213,DSCT
160787,DSCT
161026,DSCT
161968,DSCT
162241,DSCT
162839,DSCT
163616,CEP
163690,CEP
163990,CEP
164116,CEP
164273,CEP
164293,DSCT
164469,DSCT
165882,DSCT
166111,RRc
166115,RR
166584,RRc
166809,DSCT
168438,DSCT
168822,RR
169048,DSCT
169172,RR
169814,CEP
170014,DSCT
170252,DSCT
170460,CEP
170499,DSCT
170704,RRc
170781,RR
171540,CEP
171541,CEP
171822,CEP
172226,CEP
172318,DSCT
172357,DSCT
172598,RRc
172809,DSCT
172899,CEP
173866,DSCT
174291,CEP
174509,DSCT
174678,DSCT
174729,CEP
174868,DSCT
175593,CEP
175742,DSCT
176433,CEP
177692,RRc
178473,RRc
178546,DSCT
178877,RRc
178980,CEP
179244,DSCT
179506,RRc
180286,CEP
180716,RR
181235,CEP
181333,RR
181611,RRc
181852,RRc
181957,RR
182073,RRc
182256,CEP
182320,RR
182617,RR
183260,RRc
184758,DSCT
185537,RR
185557,DSCT
185564,DSCT
186241,RRc
187191,RR
187307,RR
187451,RR
187472,RR
188053,RR
188161,RRc
188178,RR
188269,RRc
188478,RRc
188486,RR
188537,RRc
188648,RRc
188706,RRc
188972,RRc
189091,DSCT
189216,RR
189381,RR
189555,RR
189621,RRc
189673,RRc
189777,RRc
189847,RR
189849,RR
190085,RR
190237,RRc
190271,RR
190340,RR
190354,RR
190555,RR
190565,RR
190579,RRc
190677,RRc
190844,RR
190910,RR
191172,RR
191211,RRc
191222,RRc
191353,RRc
191354,RR
191746,DSCT
191782,RR
191880,RRc
192032,RRc
192039,DSCT
192126,DSCT
192151,DSCT
192242,RR
192339,RR
192573,RR
192583,RR
192618,RR
192626,RR
192660,RR
192861,RR
192866,DSCT
193158,DSCT
193593,RR
193707,RR
193907,RR
193930,RRc
193947,RR
194142,RRc
194303,RRc
194554,RRc
194564,RR
194566,RRc
194581,RRc
194583,RR
194767,RR
194788,RRc
194807,DSCT
194823,RR
194847,RRc
194866,RRc
195172,RRc
195187,RRc
195232,RR
195294,RRc
195340,RRc
195512,DSCT
195679,RRc
195738,RR
195749,RR
195761,RR
195765,DSCT
195774,RR
195838,RRc
195879,RRc
195974,RR
196021,RRc
196054,RR
196075,RR
196112,RR
196184,RRc
196198,RR
196202,RRc
196468,RR
196473,DSCT
196492,RR
196562,RRc
196682,RRc
196697,RRc
196728,RRc
196797,RR
196824,RRc
196858,RR
197220,RRc
197222,DSCT
197282,RRc
197311,RR
197360,RR
197407,RRc
197416,RRc
197614,RR
197858,DSCT
197887,DSCT
197949,RRc
198009,RRc
198136,RRc
198212,RRc
198240,RRc
198294,RRc
198504,RRc
198648,RR
198742,DSCT
198836,RRc
198867,DSCT
198880,RRc
199016,RRc
199241,RRc
199279,DSCT
199561,RR
199589,RR
199632,RRc
199784,DSCT
199841,RR
199906,RR
199907,RR
199967,RR
200069,RRc
200174,RR
200346,RR
200374,RR
200578,RR
200724,RR
200772,RRc
200774,DSCT
200814,RRc
200831,DSCT
200921,RR
200936,RRc
201041,RR
201099,RR
201139,DSCT
201200,DSCT
201210,RRc
201260,RR
201266,RRc
201456,RR
201589,RRc
201623,RRc
201648,RR
201669,RR
201870,RR
201912,RR
202078,RRc
202263,RR
202859,DSCT
202965,RRc
203018,RRc
203372,RR
203374,DSCT
203406,RRc
203411,RR
203463,RRc
203468,RR
203578,RRc
203662,DSCT
203713,RRc
203774,RRc
203936,RR
203974,RR
203980,DSCT
203989,RRc
204002,RRc
204136,RR
204455,RRc
204512,RR
204548,DSCT
204641,RR
204688,DSCT
204697,RRc
204784,RRc
204785,RR
204837,RRc
204899,RR
205046,RRc
205225,RR
205435,RR
205449,RR
205475,DSCT
205673,DSCT
205754,DSCT
205798,RRc
205988,RRc
206023,RRc
206368,RRc
206532,RR
206626,RRc
206710,DSCT
206873,RR
207101,RR
207211,RR
207302,RRc
207486,RRc
207612,RRc
207656,DSCT
207739,RRc
207896,RRc
207916,RRc
208154,RRc
208160,RRc
208239,DSCT
208309,RR
208485,DSCT
208592,RRc
208632,RRc
208649,RR
208786,RR
208860,DSCT
208863,RR
208871,RR
208878,RR
208883,RRc
209015,RRc
209016,RR
209043,DSCT
209164,RRc
209171,RR
209663,RR
209714,RRc
209854,RR
209971,RRc
210166,RRc
210415,RR
210416,RR
210445,RRc
210489,RR
210524,DSCT
210537,RR
210589,RR
210704,RR
210764,RR
210875,RRc
210886,RR
210932,RRc
211027,RR
211298,RR
211388,RR
211953,RR
212309,RR
212414,RRc
212948,RRc
213122,RR
213185,RR
213234,RRc
213328,RRc
213334,RRc
213382,RRc
213391,RR
213419,RR
213502,DSCT
213517,RR
213657,DSCT
213719,RRc
213739,RR
213804,RRc
213849,RRc
213886,RR
213901,RRc
214067,RR
214107,RRc
214131,RR
214301,RRc
214635,RR
214675,DSCT
214778,RR
214820,RRc
214886,RRc
214982,RRc
215057,RR
215073,RR
215074,RRc
215091,RRc
215245,RR
215449,RRc
215466,RRc
215571,RRc
215620,RRc
215692,RR
215698,RR
215759,RRc
215762,RRc
215768,RRc
215923,RRc
215964,RRc
216299,RRc
216303,RRc
216309,RR
216483,RRc
216505,RRc
216703,DSCT
216756,RR
216876,DSCT
216891,DSCT
216921,RRc
217178,RR
217264,RR
217294,RRc
217409,RR
217429,RRc
217513,RRc
217877,RRc
218047,RR
218127,RR
218220,RRc
218508,RRc
218973,RRc
219224,RR
219288,RRc
219440,RRc
219441,RR
219551,RRc
219630,RRc
219946,RR
220010,RRc
220077,RRc
220080,DSCT
220192,RR
220198,RR
220266,RR
220300,RR
220384,RR
220562,RRc
220944,RRc
221061,RRc
221218,RR
221366,RR
221397,RRc
221646,RR
221857,RR
221977,RR
222061,RRc
222205,RRc
222434,RRc
222488,RR
222555,RR
222713,DSCT
222721,RR
222832,RR
222844,RRc
222905,RRc
222906,DSCT
222962,RR
222993,RR
223187,RRc
223201,RR
223226,RRc
223276,RR
223407,DSCT
223491,RR
223562,RR
223617,RRc
223657,RR
223662,RRc
223689,RR
223701,RRc
223898,DSCT
224024,RRc
224059,RR
224196,RRc
224324,RR
224736,RRc
224999,RR
225292,RRc
225361,RRc
225936,DSCT
226059,RRc
226117,RR
226118,RRc
226141,RRc
226267,DSCT
226457,RR
226514,RR
226748,RR
226889,RRc
227046,RRc
227170,RRc
227184,RR
227388,RR
227525,RR
227542,RRc
227699,DSCT
227952,RRc
227966,RR
228147,DSCT
228291,DSCT
228483,RR
228501,RRc
228528,RRc
228674,RR
228697,RRc
228759,RRc
229057,RRc
229062,RRc
229177,RR
229185,RR
229228,RR
229410,RRc
229532,DSCT
229789,RRc
229891,RR
230208,RRc
230263,RR
230672,RRc
230706,RR
230856,RR
230908,RR
231888,RR
231936,DSCT
231973,RR
231975,RR
232080,DSCT
232143,RR
232206,RRc
232446,RRc
232673,DSCT
232864,RR
232878,RRc
233075,DSCT
233204,RR
233260,DSCT
233502,DSCT
234011,DSCT
234042,RRc
234353,DSCT
234368,RR
234385,RRc
234599,RRc
234792,RR
235145,RRc
235229,RR
235344,RR
235375,RR
235505,RR
235748,RRc
235761,RRc
236168,RRc
236346,RRc
236350,RRc
236359,RR
236406,RR
236953,RR
237042,RRc
237073,RRc
237234,RR
237362,RRc
237557,RR
237569,RR
237618,RRc
237647,RR
238081,RR
238210,RRc
238343,RRc
238392,RR
238452,RRc
238525,RRc
238549,RRc
238900,RR
239213,RR
239483,RR
239521,CEP
239601,RR
239659,RRc
239702,RR
239896,RR
239935,RRc
240093,RR
240596,RR
240681,RRc
240800,RRc
240820,RR
240876,RR
240914,RR
240924,DSCT
241051,RRc
241234,RR
241245,RRc
241323,RRc
241358,RR
241955,RR
241971,RR
242390,RRc
242409,CEP
242659,RRc
242856,RR
243305,CEP
243473,RRc
243588,RRc
243905,DSCT
244023,DSCT
244038,RRc
245115,DSCT
245502,DSCT
246102,RR
246270,RR
246704,DSCT
246732,RRc
246870,RRc
247000,RRc
247124,RRc
247298,RRc
247654,DSCT
247720,DSCT
248622,RRc
248806,CEP
248835,RRc
249210,RR
249220,RR
249356,RRc
250178,CEP
250333,RRc
250827,CEP
251330,DSCT
251744,DSCT
251882,RRc
251982,RR
252057,RRc
252569,CEP
252619,RRc
252647,RR
252708,RR
252726,CEP
252743,RR
252836,DSCT
252890,DSCT
252941,RRc
253235,DSCT
253265,RR
253293,RR
253310,RR
253430,CEP
253660,CEP
253762,RR
254717,RR
255643,DSCT
256103,CEP
257106,CEP
257703,RRc
257706,RRc
258046,RR
258496,RR
258836,DSCT
259060,RRc
259220,RR
259397,RRc
259645,RRc
259849,RRc
259979,RR
261521,RRc
261698,RRc
261972,DSCT
262292,DSCT
262434,RRc
262797,RR
263159,DSCT
263414,DSCT
263689,RRc
263771,RRc
264085,CEP
264419,RRc
264456,CEP
264562,RRc
264715,RR
265668,DSCT
266298,RR
266310,RR
266483,CEP
266493,DSCT
266823,RRc
267317,RRc
267611,RRc
267767,RRc
267946,DSCT
268685,CEP
270230,RR
270513,DSCT
271506,RRc
271692,CEP
271767,RRc
271865,CEP
271996,RRc
272935,RRc
273374,RR
273665,RR
273784,RR
274119,CEP
274270,RR
274287,DSCT
275904,DSCT
277017,DSCT
277347,DSCT
278302,RR
278605,RRc
278651,RRc
279219,CEP
279437,CEP
279650,RRc
279903,DSCT
280491,DSCT
281999,RR
282559,DSCT
282733,DSCT
283026,CEP
283368,RRc
284402,RRc
284844,CEP
285136,RRc
285420,RR
285454,RRc
285943,RRc
286545,CEP
286678,RRc
286722,RRc
286857,RRc
288398,RRc
289401,RR
289450,RR
289544,RRc
289594,RRc
290416,RRc
290552,RRc
291262,RR
291339,CEP
291762,CEP
291809,CEP
292096,CEP
292131,RR
292705,RR
292797,RRc
293510,CEP
294081,RRc
294325,CEP
294510,RR
294910,RR
296817,CEP
296822,RR
297196,CEP
297291,DSCT
298505,CEP
299219,RRc
299476,RR
299823,DSCT
300300,CEP
300338,CEP
300557,CEP
301114,RRc
301238,DSCT
301715,CEP
302491,RRc
302542,RR
303005,RR
303102,RRc
303283,CEP
303315,DSCT
303416,CEP
303544,CEP
304195,RRc
305727,RRc
306034,CEP
306401,CEP
307169,DSCT
308087,RR
310501,CEP
310780,RR
310887,RR
311114,CEP
311374,RRc
311436,DSCT
311807,RR
312417,RRc
313024,CEP
313110,RRc
313129,RR
313333,RR
313513,CEP
313584,DSCT
314060,RR
314210,RR
314714,DSCT
315838,CEP
315868,CEP
316218,RRc
316469,DSCT
316475,RRc
316537,DSCT
316542,RRc
317276,RRc
317587,RR
317811,CEP
318908,DSCT
319445,DSCT
319698,CEP
320385,DSCT
320901,DSCT
322062,CEP
322535,CEP
322567,DSCT
323204,CEP
323213,CEP
324419,CEP
326841,DSCT
327282,RR
328581,RR
328785,RRc
329649,RRc
329976,CEP
330060,RR
331623,CEP
331707,RRc
332537,DSCT
333124,RR
334347,RR
335401,RRc
335885,RR
337113,RRc
337374,RR
337581,CEP
338023,RR
338766,RR
338879,RR
338920,CEP
339266,RR
339591,CEP
339783,DSCT
341492,DSCT
341754,DSCT
342135,CEP
342932,CEP
343663,DSCT
344076,DSCT
344753,RR
345256,RR
346631,RR
347158,CEP
348105,CEP
349925,RR
350538,DSCT
350558,CEP
352698,DSCT
353028,CEP
353059,RRc
354812,RR
356258,RR
356443,CEP
358470,RR
359266,CEP
359799,RR
361462,DSCT
362186,CEP
362282,CEP
362632,RRc
363105,CEP
363793,CEP
363811,DSCT
364363,RRc
364594,CEP
364887,RRc
364991,RRc
365538,RRc
365545,DSCT
367436,RRc
367860,RR
368370,DSCT
368571,DSCT
368658,CEP
370686,RR
371020,DSCT
371850,RRc
372242,CEP
372692,CEP
373048,DSCT
373442,DSCT
374053,RRc
374142,CEP
375655,RRc
376799,CEP
377845,DSCT
378379,RRc
378727,RR
378936,CEP
379674,RRc
379740,DSCT
379815,RRc
379838,CEP
382893,CEP
383204,RRc
383652,DSCT
383678,DSCT
384089,RR
385045,CEP
385761,CEP
386077,DSCT
386878,RRc
388156,DSCT
389666,RRc
389826,DSCT
390307,DSCT
391292,DSCT
391726,CEP
392724,RR
393393,CEP
393609,CEP
394728,DSCT
394901,DSCT
397054,DSCT
397973,RRc
398074,RR
398385,CEP
398595,RRc
398642,CEP
398741,CEP
400225,RR
400392,CEP
400434,DSCT
400519,RRc
400823,CEP
401708,CEP
401731,CEP
402288,RR
402689,DSCT
402698,CEP
403034,CEP
403111,RR
403540,CEP
403598,DSCT
405479,DSCT
405980,CEP
406016,CEP
406434,CEP
406546,RRc
406832,CEP
407299,CEP
409257,RR
409752,DSCT
410329,CEP
411260,CEP
411535,DSCT
411706,DSCT
411834,CEP
412284,CEP
413337,RR
413622,RRc
414389,RRc
414755,RR
415137,RRc
415545,RR
415903,CEP
416156,RR
417615,RR
419654,CEP
420046,CEP
420785,CEP
420873,RRc
420883,DSCT
421208,DSCT
421320,RR
421564,DSCT
421778,RRc
423221,RR
425219,CEP
426346,DSCT
427863,CEP
429611,RRc
430230,CEP
431077,CEP
431431,DSCT
432930,RRc
433553,DSCT
435144,CEP
435725,CEP
435790,DSCT
436534,DSCT
436613,DSCT
437177,DSCT
437800,CEP
439685,RR
440492,RRc
440713,RR
442001,CEP
442349,RRc
442403,DSCT
442540,DSCT
443115,CEP
443759,DSCT
443807,DSCT
445901,RRc
446780,RRc
446850,RRc
447047,DSCT
447249,RRc
447611,CEP
448958,RR
449567,CEP
449991,DSCT
451009,CEP
451757,CEP
452580,CEP
452631,DSCT
453834,CEP
455406,CEP
456367,DSCT
456631,CEP
456635,CEP
456830,RRc
458142,RR
458846,RRc
458893,CEP
460001,DSCT
460009,DSCT
460054,RRc
460766,CEP
460889,RRc
461572,CEP
461653,CEP
461862,CEP
461892,RR
463569,CEP
463718,DSCT
463754,RR
464252,CEP
464681,RRc
466054,RR
466779,RRc
470272,CEP
470591,DSCT
470613,RR
470877,CEP
472071,DSCT
472342,RR
475112,DSCT
475588,CEP
476008,DSCT
476076,DSCT
476397,RR
479486,RRc
480317,RRc
480476,DSCT
480514,DSCT
480701,RRc
480935,CEP
481236,DSCT
481429,DSCT
483105,CEP
483140,RRc
483310,DSCT
483375,DSCT
483567,CEP
483875,RR
483965,CEP
484392,RRc
485404,DSCT
485842,RRc
486029,RR
486594,RRc
486787,DSCT
486806,DSCT
487327,DSCT
487443,CEP
487816,CEP
488391,RR
489368,CEP
489696,RRc
490128,DSCT
490721,RRc
490765,DSCT
490888,RRc
490990,RRc
491926,RRc
492595,DSCT
494749,RRc
494839,RR
496747,CEP
496998,DSCT
498271,DSCT
498666,CEP
499250,CEP
500312,DSCT
501159,RRc
501255,DSCT
501349,CEP
501351,RRc
501866,DSCT
502160,CEP
502595,CEP
504007,DSCT
504019,RR
504695,DSCT
504879,CEP
504949,DSCT
505240,DSCT
505561,CEP
506669,RRc
506827,DSCT
508096,DSCT
508658,CEP
509337,CEP
509479,DSCT
509785,DSCT
511751,CEP
512390,RR
512878,DSCT
513224,CEP
513467,DSCT
513625,CEP
514292,DSCT
514918,DSCT
514941,RR
515201,CEP
515229,RR
515470,CEP
515526,DSCT
515788,CEP
515911,CEP
516919,DSCT
517583,RRc
517777,DSCT
517956,RR
518262,RR
518749,RRc
519078,CEP
519864,DSCT
520856,CEP
521067,DSCT
521651,RR
522740,CEP
523198,RRc
523311,DSCT
526070,CEP
526159,DSCT
526504,DSCT
526762,RR
527170,RR
527869,RR
528130,RRc
528816,CEP
529070,CEP
529591,DSCT
529634,DSCT
530159,RR
531697,CEP
532484,RRc
533366,DSCT
533596,CEP
533723,DSCT
534158,RR
534254,RR
534550,DSCT
535899,DSCT
536716,CEP
537296,RR
538929,CEP
539063,CEP
539596,RRc
540086,DSCT
541228,DSCT
541268,RR
542397,DSCT
542737,CEP
543680,RRc
544185,RR
544875,RRc
545692,CEP
547007,RR
547496,RR
547843,DSCT
548977,DSCT
549140,CEP
549151,RR
549585,DSCT
550640,RR
552275,RRc
552768,RRc
553644,CEP
554972,DSCT
555514,RRc
555854,CEP
556032,RR
556977,CEP
557353,CEP
557608,RR
558313,RR
558495,DSCT
559235,RRc
559470,CEP
559918,DSCT
560012,CEP
561324,DSCT
561578,RRc
563325,RRc
563519,CEP
563955,RRc
563992,RRc
564559,RRc
565333,DSCT
566394,RRc
566592,DSCT
567725,CEP
567986,RR
568639,CEP
568990,DSCT
569331,DSCT
570574,DSCT
571277,CEP
571345,RRc
572964,RR
573347,CEP
574358,CEP
574378,DSCT
574507,DSCT
574583,RR
574762,RRc
574892,DSCT
575157,CEP
577575,CEP
577735,CEP
578421,DSCT
579095,DSCT
580782,DSCT
581190,CEP
582166,DSCT
582363,RRc
582371,RR
583266,DSCT
583547,RR
583574,RR
584740,CEP
585048,RR
585968,RR
586068,DSCT
587179,CEP
588357,DSCT
588394,DSCT
588678,RR
588850,CEP
588924,DSCT
589403,RR
589818,CEP
590624,RR
590877,CEP
592152,CEP
592242,RR
594263,CEP
595032,RR
595191,DSCT
595193,DSCT
595590,CEP
595945,RRc
596008,CEP
597061,CEP
597438,CEP
599409,RRc
600803,DSCT
600874,DSCT
600879,DSCT
600973,RRc
601611,CEP
601872,RRc
602901,DSCT
603154,DSCT
603294,DSCT
603711,DSCT
604299,CEP
604625,CEP
605557,RR
605918,RRc
606754,DSCT
607245,CEP
607492,RR
607761,RRc
608161,RRc
608235,RRc
609297,RRc
610435,RR
610514,RRc
611381,RR
611497,RR
612176,DSCT
614726,DSCT
615884,RRc
617207,RRc
617632,RR
618614,RR
618901,RRc
619781,RR
620948,DSCT
621145,RR
621999,DSCT
622343,RRc
622780,RRc
622814,DSCT
623828,DSCT
623996,RR
624285,RRc
624321,CEP
624874,RRc
624885,DSCT
624919,RRc
625935,RR
627534,RRc
627657,RR
628324,RRc
628437,CEP
628833,RRc
628891,RR
629301,DSCT
629731,RR
629773,DSCT
630965,DSCT
631149,RR
631775,DSCT
631895,CEP
631982,DSCT
632129,RRc
632647,DSCT
632930,RRc
633625,CEP
634158,CEP
634162,CEP
634239,RR
634246,RR
634952,RR
635583,CEP
635830,DSCT
635911,RRc
636027,CEP
636126,CEP
636863,RR
637082,CEP
637740,CEP
637787,CEP
637849,RR
638081,CEP
638635,CEP
638669,CEP
638949,CEP
639351,RR
639396,RRc
639913,CEP
640573,RR
641082,CEP
641135,RRc
641297,CEP
641625,CEP
641874,DSCT
641969,CEP
642053,CEP
643218,RR
643593,DSCT
643788,CEP
644253,RR
644335,CEP
645053,CEP
645089,RRc
645141,RRc
645262,RRc
645348,RR
645375,CEP
645487,DSCT
645570,CEP
645922,RRc
646236,CEP
646291,CEP
646355,CEP
646447,RRc
646554,CEP
646761,RR
646871,CEP
647038,RR
647119,DSCT
647204,RR
648192,CEP
648322,RRc
648811,RRc
648872,CEP
649379,CEP
649481,CEP
649578,DSCT
649798,CEP
650245,CEP
650636,CEP
650893,CEP
651444,CEP
651557,DSCT
651807,DSCT
651934,RR
652967,CEP
653631,CEP
653886,CEP
654508,CEP
655245,CEP
655252,CEP
655508,CEP
656023,CEP
656450,CEP
656659,DSCT
656891,RRc
657460,CEP
657560,RR
657581,DSCT
657588,DSCT
657870,DSCT
657908,DSCT
658132,RR
658406,RR
658540,CEP
658826,CEP
659056,RR
659446,CEP
659482,CEP
660119,CEP
660229,RR
660849,RR
661618,RR
661651,DSCT
661808,DSCT
661910,DSCT
661944,CEP
662021,CEP
662409,CEP
662483,CEP
662532,CEP
662885,RR
663270,DSCT
663977,CEP
664030,CEP
664641,CEP
664717,CEP
664837,DSCT
665126,CEP
665643,DSCT
666800,CEP
666921,CEP
667357,DSCT
668229,DSCT
668907,CEP
669737,RRc
670283,DSCT
670468,RR
670877,DSCT
670946,CEP
671067,DSCT
671310,DSCT
671515,RR
671798,CEP
672395,RRc
672768,CEP
673031,RR
673201,DSCT
674017,DSCT
674528,CEP
675240,RRc
675627,CEP
675643,CEP
675659,RRc
676030,RR
676072,RR
676252,RR
676491,RR
676707,DSCT
677157,CEP
677265,RRc
677580,CEP
677964,RRc
678244,DSCT
679046,RR
679403,RRc
679494,RRc
680122,CEP
680853,CEP
681046,RRc
681433,RR
681580,RRc
681689,CEP
681775,RR
681896,RR
682917,CEP
683187,CEP
683314,RRc
683455,RRc
683511,RRc
683588,RRc
683674,CEP
683743,CEP
685443,RR
685454,CEP
685849,RR
686111,CEP
686126,CEP
686515,RRc
686525,RR
686972,CEP
687263,CEP
687369,CEP
687511,CEP
687536,CEP
688051,DSCT
688179,RR
688294,DSCT
688430,CEP
688650,CEP
688685,DSCT
689083,CEP
689204,DSCT
689319,CEP
689421,RRc
689979,RRc
690323,DSCT
690819,CEP
690895,CEP
691053,RRc
691507,RRc
691940,DSCT
692018,CEP
692608,DSCT
693341,CEP
693437,RR
693592,RRc
694081,DSCT
694717,RR
695174,CEP
695245,RR
696289,DSCT
696496,CEP
696640,DSCT
696783,CEP
697773,CEP
697907,CEP
698368,CEP
698486,DSCT
698755,CEP
698923,RRc
699099,CEP
699189,RRc
699609,DSCT
700090,CEP
700342,CEP
700465,DSCT
700935,DSCT
701028,RR
701383,CEP
701448,CEP
701552,CEP
701696,RR
701714,DSCT
701766,CEP
702626,CEP
704040,RRc
704092,RRc
704519,CEP
705178,RR
705651,DSCT
706190,CEP
706357,RRc
706491,CEP
706503,DSCT
707030,RRc
707405,CEP
707861,CEP
708715,RRc
708901,RRc
708933,RR
709059,DSCT
709774,CEP
709887,RR
710284,RRc
710391,DSCT
710481,RRc
710718,RR
710953,RR
711382,RRc
711740,DSCT
711877,DSCT
712133,RR
712434,RRc
712889,DSCT
714051,RR
714601,CEP
714780,CEP
714971,DSCT
715048,RRc
715443,RR
715656,DSCT
716102,DSCT
716174,CEP
717214,RR
718243,RR
718451,RR
719144,DSCT
719880,DSCT
720946,CEP
722113,CEP
722351,CEP
722495,CEP
722878,RRc
724022,RRc
724755,RRc
725384,RRc
726164,CEP
726550,CEP
727230,RRc
727613,CEP
728175,CEP
729656,RRc
729848,CEP
730178,CEP
730699,CEP
730798,CEP
730845,CEP
731342,RR
732246,CEP
732512,CEP
732719,CEP
733073,RR
733237,DSCT
733934,DSCT
734080,CEP
734276,DSCT
734977,DSCT
735418,RR
735453,RRc
735492,CEP
735510,RRc
735592,DSCT
736072,DSCT
737667,CEP
738763,CEP
740064,RR
740943,RR
742534,RR
742781,CEP
742938,RRc
743015,RRc
744255,DSCT
744487,CEP
744639,DSCT
744825,DSCT
744864,CEP
745398,DSCT
746794,RRc
747006,CEP
747448,CEP
747516,DSCT
747707,RR
748452,CEP
748538,CEP
749108,CEP
749640,RR
750207,CEP
750218,DSCT
750428,RRc
751135,DSCT
751310,RRc
751947,CEP
752157,RRc
752211,DSCT
752557,CEP
752582,CEP
753955,RRc
756048,DSCT
756236,CEP
756283,DSCT
756374,CEP
756980,CEP
757028,RRc
757286,CEP
758062,RR
758922,CEP
759581,RRc
759880,RRc
760257,DSCT
760850,DSCT
761263,CEP
761326,DSCT
761355,RRc
761389,CEP
761415,CEP
761644,RR
762036,CEP
762586,RRc
762665,RRc
763174,RRc
763304,CEP
763330,RR
763805,RR
764518,DSCT
764709,RR
765657,RRc
765666,DSCT
765716,RR
766318,DSCT
766349,RRc
766361,RRc
766956,RRc
766968,RR
767064,DSCT
767554,CEP
767726,CEP
767896,DSCT
768872,RR
769283,RRc
769605,CEP
769815,RRc
770079,RRc
770336,CEP
770383,CEP
770544,CEP
770590,DSCT
770667,DSCT
770804,CEP
770967,RRc
771141,CEP
771675,RR
772100,RRc
772167,CEP
772220,CEP
772894,CEP
773412,CEP
773471,CEP
774142,RRc
774151,RR
774504,DSCT
774912,RR
775001,CEP
775220,CEP
775672,DSCT
775971,DSCT
776069,RR
776232,CEP
776234,RRc
776997,CEP
777300,DSCT
777630,RR
778548,RR
778555,CEP
779267,CEP
779445,CEP
779788,DSCT
779971,CEP
780639,DSCT
780763,RR
780837,DSCT
780873,DSCT
781207,DSCT
