,CEP_dist,DSCT_dist,RR_dist,RRc_dist
0,16.15068450915647,2.444657416612291,11.013967988347124,5.47000977416081
1,30.383548762440647,0.7742981088945609,6.267250028973825,14.645943984963694
2,0.0913171275204688,5587.117113282806,29.577635783623105,431.65203992684604
3,4.812986395609605,22.175761630025242,2.3418804812219958,0.005942186589503065
4,24.021274499250538,1.7485341145473479,14.104667920528408,14.043508986761221
5,31.828943221639868,0.9714699824032152,6.101605339243011,14.84184352183853
6,24.937424973896285,0.27120033686361095,4.624003364613,11.175173552150312
7,5.499396843667021,16.075874303832457,2.2313265060311687,0.1321457390308842
8,22.383015609147566,0.10830701413038321,4.475632239178399,10.139763253220075
9,3.3230790872772378,52.72704831258933,0.16873587849179575,1.6624384539459465
10,3.8599543443422433,53.88868195241267,6.45946657189511,1.0120771046832158
11,3.1337080412825844,64.64403277061581,0.319481538458125,2.419847133154503
12,2.9374338969723373,66.86214123916508,0.10634864588648053,2.2798034099154103
13,47.83861954039687,338979.4905027257,2006.7458676249412,27734.80596993487
14,0.34615169881164426,7899.984083090237,42.28520525665219,617.578591429149
15,0.3632456978489008,829.7848480712789,3.33302080761492,56.11128965666862
16,17.55859807227631,0.9931192997616377,6.397344980454157,6.341227385804511
17,1.111376190993795,343.85768873142297,0.8274655143950342,20.463166741530614
18,20.199459953783755,1.0987562373202255,9.727675681039628,10.926481583328247
19,3.2402782280573246,33073.32781811192,188.79711002486266,2659.5423603158406
20,28.669592957020257,0.7012143806559552,5.560081499664502,12.983780024622316
21,12.884114072947813,2.4107024639724184,5.691405412478238,6.083728152616427
22,36.89173291687341,8.218209654139677,49.09758816066554,28.92596875456995
23,1.7566777991792397,137.24074463889673,0.8437819177364431,5.611783978653651
24,15.066635137935505,0.3960195487515985,2.9457054786005505,6.05125260208342
25,0.1767624129384126,6545.970436315811,35.50962180099007,508.3913077568963
26,31.12942757781606,1.9203419606891101,9.86220920282788,13.875218218588028
27,4.215752935326383,30.72754807722945,0.2598026995037647,0.8479810607117378
28,24.557857954567876,0.2327371202319086,4.573592520755017,11.034439082105717
29,5.601945248146201,24.942048992520792,8.073681361715309,0.3569013920475526
30,27.945237142074113,0.5551009979915544,5.9598852555466735,13.406826086442251
31,10.803201656714611,47280.10416299479,304.76519787703774,3820.512054779038
32,2.7269530867426184,71.42325269050575,0.010298609311862664,2.2922498618556086
33,0.14064421419071807,6304.460881342279,33.748175530647856,489.09685871578364
34,0.029319181746292847,4408.477562911773,22.891752576025254,337.48654826014865
35,22.843234583229126,0.11459435616281838,4.321283844832572,10.210454103572557
36,0.20424461763954435,1509.3553922789156,8.220293900936305,108.19839470908303
37,6.820014321936226,9.278242765456316,2.181648121418015,0.6386428261051635
38,0.7808300019558136,10227.455887992457,58.81453210878069,804.5964605895681
39,5.418695943673756,30.079343717379203,9.151185226469746,0.5018171923593557
40,0.32581414972608824,917.419186297995,3.6956195963501997,62.829611560840455
41,22.126326396299852,0.32157665363171756,4.636414173606699,9.17844163841313
42,16.898689884689414,28019.775540279614,200.41034194188012,2266.104665227799
43,1.2584661690681354,10240.884893514782,61.842113617297706,805.816092231226
44,4.965238306426254,32.308942927742855,7.525290456271624,0.38730048495204394
45,2.0350997223894116,110.18414446620947,0.1436352137470864,4.18434683062334
46,6.032537980645475,12.220124603299112,1.4386894585268224,0.401288615772916
47,4.982112951621004,18.976517655541546,0.8402681000237016,0.2025968384642424
48,5.045932074580415,21.336196734445906,3.2915840565365415,0.023480680190182363
49,2.2309281210310785,93.79636707309544,1.0025339762990089,2.9458892111012376
50,4.725857445718338,55.05992204196603,11.350865748711644,1.501240273611216
51,26.7478661142299,0.41314128638754893,5.034042368452454,12.24863388866241
52,5.629170904118072,14.305235948448095,1.0765709758525117,0.3259522084991444
53,15.593594947483364,0.6465994649708959,4.428917243840003,6.968500736913409
54,19.911083965630755,0.0043178222186991775,3.6037190920068025,8.461740915729361
55,0.13107287675475543,1561.8664336096476,7.835080106265471,112.34722295948208
56,5.200510554639979,17.70607892664737,1.6362217073166154,0.10656945180742589
57,49.79094411849282,352542.7117930653,2087.0403795706516,28848.79934925439
58,0.010199499698290933,3485.6760323832145,17.616521639490237,264.09755691539914
59,5.645375818133552,15.633227948573458,0.5594871798731419,0.9259439510976584
60,29.149672496687458,4.020389876734647,26.578846769826516,19.7536760064639
61,1.6282611911930662,153.17482933475912,0.5764710535219175,6.70423520609446
62,11.963419614440092,1.428078426221825,2.459285416845212,3.481711481700606
63,2.837752798577645,68.99424013169173,0.04915815803498434,2.287859043988293
64,0.27582792293089636,1346.7319903404489,5.716747211614979,96.14346341565609
65,4.2726510545838465,40765.211009705265,233.788853693893,3286.6021020614503
66,14.765283737980452,2.4564294150937496,9.726197118521867,4.693038179210986
67,2.6801840798111423,79.53807394858822,0.0826118545087362,2.918490153306743
68,0.6068800544642168,1474.8147047158136,10.807655932614527,105.53187670708125
69,2.1801672811964106,99.20333657457492,0.08471430233559976,3.5803152363523765
70,2.35490764321392,86.61130596995524,0.08349127641452894,2.8573724555976616
71,4.355901648078619,28.890669364285042,2.8492294517947774,0.039048589043273435
72,4.971183354628977,24.714345590024976,4.635074225955999,0.07682415313137098
73,24.25491193477218,0.31121035241910733,5.6419090331193384,11.570433531103909
74,5.111264010421025,19.44189018546978,2.4585459189417533,0.03673794785835069
75,4.75162697187576,22.024753080291422,1.7981108657874607,0.023914177685138573
76,21.589720139703758,0.06091645300819734,3.918137000337872,9.315063667782965
77,0.6742409598227304,550.2601803900116,1.7152797448790655,35.33938079577217
78,1.5840540929802855,15920.68491753519,92.88687391526355,1265.0693849705856
79,5.59494185880008,23.19067585444639,1.9404662576353364,2.0291775183238454
80,4.708738057258412,28.37081168290177,4.73616275614323,0.11007340866768826
81,2.165419088626807,117.64496501778258,0.0962360090099816,5.099377746861899
82,22.945631598686443,0.21429876933115719,5.224712106389375,10.778710622898995
83,2.9378512237818337,22124.785040182764,132.56490337676684,1768.7367165891617
84,11.800061678002256,3.0604283046819516,4.9802217753678,5.331098304974541
85,20.638234276339634,5.802378972624863,26.625717055872485,8.165716000560012
86,0.03128028071274439,2743.6044488514285,13.395235464064774,205.38534153619372
87,33.023188205794014,1.0634916305225401,6.3211942286967435,15.620755786762281
88,0.02005673295047993,4014.306437864415,20.5837334982868,306.1196799696832
89,4.061648004005445,32.048353715648325,0.19068762193073074,0.7311735514583889
90,4.389116503779229,25.2093164927506,0.9315013070309862,0.1182502079913907
91,33.37492424469426,1.2979651944191972,6.862318485289361,15.453808541602772
92,4.27748224389338,30.26784077818626,2.9232673137273277,0.0610404939752185
93,5.844206123014356,14.909684251992314,3.252075526175658,0.19160869284867946
94,4.7346529278328875,37.376818603566036,7.777429541952885,0.5281816961119844
95,5.0189475175213305,19.0080432188195,1.4065792619441044,0.09638604008158377
96,3.1888893480410268,55.40241292943176,0.09718274023704176,1.6783083675372437
97,17.93868958055935,0.24954818666617276,4.5212128532797875,8.127650550049303
98,4.724234293890572,21.55200189248382,1.1183071919077836,0.09675910470824423
99,23.171769259714825,0.13359910868230873,4.343771005712216,10.346408100394504
100,0.8573602861069651,4624.498253062866,24.817444755184503,356.2507540424297
101,4.103370466380973,30.265684445768354,0.21425856712100946,0.5514140640080611
102,4.421713559993202,30.723265589176478,3.9814487283591857,0.1037763662882015
103,4.378493931594413,29.13405974658031,3.0964714562225004,0.04700144073127893
104,11.76402552029429,53.957036565507536,23.883882827556707,12.511758239865335
105,4.1448864504813026,43.89096773418682,6.129739547614642,0.5969428854618062
106,0.142335784827101,1678.4761197536188,7.536017495875699,121.77570780004353
107,0.18113061691244753,1652.3675640564788,7.347173148688473,119.82808665093356
108,3.997580109376731,34.86587669461272,0.23614868486655724,0.9721674423571706
109,2.228563183767192,96.64378913359215,1.3994619488134992,3.0680856262915484
110,3.372434674583067,52.50250435515786,0.22630905817755176,1.7264706484717145
111,0.8549162786959051,11844.784887249854,67.48133292504542,935.181588459288
112,15.722268830733992,7.2664909213655955,19.79545798697022,11.314261196063796
113,0.11608405916174211,5467.68481269179,28.56954588552179,422.2615691421189
114,22.378969963236926,0.5457166197698888,5.46600215758683,9.185304401868931
115,4.93491171481598,19.799223496826137,1.443640562396967,0.07725203553417931
116,0.8347100497816369,437.3928891304858,1.192429666642676,27.038867920421893
117,5.127686370165129,19.385428713955868,2.523717982241208,0.03753739163577933
118,15.233320578977697,0.3144959853942352,2.6505012103290784,5.531112669463217
119,13.543396558502403,106612.9884987349,624.332721918136,8670.294113805086
120,0.656289322894693,679.9465314640173,2.355942182471459,45.25640453369835
121,2.40193739934943,88.65560441835625,0.0007111429852502706,3.163247016051658
122,19.03934881745639,0.00871249857737648,3.3729949040393152,7.866749462992771
123,0.11864423605842236,6000.756990129086,31.932250744288886,464.7777626765155
124,5.008039856738537,21.28982723684431,3.0362441726867138,0.0171424165192385
125,21.6901061687735,0.06483293388066333,4.201243678005186,9.667324094847348
126,1.0206051808484837,13388.414736735043,76.3861757818626,1059.9913319807813
127,1.483685283287677,179.21935807212432,0.36726515785414215,8.534151178654627
128,0.46267269976361997,9958.9414489622,54.70922871781196,783.080581112483
129,32.306443774007896,4.472257097826757,28.83252029572695,21.89477694595061
130,4.916404490679827,21.058964537168407,2.304578267810455,0.015513903170946596
131,16.47063661240884,0.14548148345557457,2.8569641794179357,6.289901927712008
132,13.030415759697739,0.9145063897061115,2.3072633388262718,4.768481648051583
133,0.1458282628397718,6237.129350970543,33.629087712592884,483.64050275895556
134,25.70137539066561,6.1950150579172645,34.83498364100264,19.931258222059363
135,12.020631528350114,1.2528198578030327,1.8771031811907546,3.856152660101733
136,0.7427028730853814,10775.657090779145,61.31538344564777,848.8328303760361
137,9.972296205236963,81611.60013165478,476.21269601680007,6623.776322549017
138,27.675589080985695,0.8204833156256022,6.06048318517036,12.209480527762025
139,2.741261059137047,77.6226262398949,0.11536974179162754,2.8646669505124462
140,1.6910557904263461,334.742572861454,6.927707465777675,19.17612498961717
141,2.15513509241563,106.61309585631493,0.016107922833615937,4.178022321474595
142,5.8686878771376865,27.36506224827527,10.438682038933228,0.6033515617621454
143,4.938268314524866,28.401922805958204,6.011989821283979,0.19998026823484666
144,115.50779084698956,221.26140721687472,609.6888343842895,75.46572991977982
145,0.3070089945696113,1263.0010059324713,5.2784942229476846,89.68329910810105
146,4.401829371875113,39.31441040976746,6.473543504150693,0.47436988728701057
147,2.9202489353491106,61.35074503334376,0.024370143774610102,1.7298329306638356
148,0.0545322331345575,4522.986420584441,23.303093983659075,346.7326807910031
149,2.763762971056134,135.31702505180397,7.487457796214651,5.622188492040384
150,2.216562922733782,97.41700521369745,0.054535477956092565,3.513623937839015
151,1.4845704461477596,15070.417764685873,87.94569658181408,1196.1882382379458
152,2.4977652938435178,81.62213420756682,0.003785567729261956,2.741114982052207
153,2.295344397383016,90.83041307397302,0.07578213380014162,3.103903121240368
154,1.9396339329147547,122.98750554437154,0.07571965460167082,5.065983466787574
155,4.785365743268711,27.61899422344549,4.864781941959917,0.10973294211871881
156,5.711229497723401,15.452207197075069,0.6119335827158745,1.0025780855463702
157,2.657192600737907,80.12049004795858,0.06861802785881474,2.9263906745089168
158,0.08970688476791702,2254.6440728116827,12.011922100109695,166.52957033475437
159,16.39676262429485,0.41281816881042116,4.22464165539651,7.273556818954093
160,16.33703996992711,0.7177612288568282,4.7601891713978866,5.740971125038441
161,24.664017534240664,0.23943126402887202,4.604525266523705,11.107466154139301
162,7.3970836089590035,63871.12908863827,370.29631671688435,5173.149361505323
163,15.00948645483966,0.389801321867436,2.726450091394554,5.325611115890014
164,3.159506019491632,110.22719129897274,1.9263585132393233,6.048499303901564
165,4.349498611915185,29.44922965398194,3.0453340715294233,0.05045839209365423
166,0.2105151883614319,6439.20835300411,33.99529008646891,500.18729714755744
167,2.6421817628821618,77.52108618098356,0.019360968098381972,2.672910938263893
168,2.4635022254397567,87.38966322659739,0.009278309347618172,3.180452415854842
169,0.33308907892361783,868.3064844819138,3.797421550229007,58.94225913927156
170,1.4122391506845111,265.98286312622844,0.6236654412819439,15.107070703705151
171,3.9766064934295056,30.98489122197446,0.5386972628566954,0.28184110574316046
172,4.799701964172294,22.988894929832792,2.746469627511379,0.0021872743224811836
173,2.040908010634218,110.85800839435005,0.10136900182595132,4.265995638873263
174,19.43104230913488,15.965225870147872,37.56265137387399,17.558292349879135
175,11.914661243378802,1.5467293105259883,2.26959079696005,4.283399961534176
176,21.261959319986108,0.041254704725383555,3.8730851001386934,9.18991214780454
177,8.449062420836345,66.0922485963176,32.33144877587726,4.269361221989896
178,2.059182757944738,15945.986553906529,95.83955336726453,1267.290642271896
179,0.3551619546062838,1020.7924315314374,4.038517523029266,70.9552447056192
180,18.4325343663104,0.15012102220079523,3.5643918572788187,7.200774256217224
181,20.57938297888347,0.6511436884667314,7.649274503944586,10.499774312045036
182,6.485089281665445,10.928829792912584,2.6229852569729992,0.45334314770505
183,4.823824296543596,20.448977750169927,0.9335867618762715,0.14779509791148643
184,2.215052072793358,98.85621981232181,0.030992761039863682,3.641167674268235
185,8.085960115543187,6.494543233842943,3.6504979306324,1.145679767879178
186,16.45427884937935,109862.65785041844,657.7645555918981,8937.425609348109
187,12.38383635933283,2.700352551598412,7.107102793600312,3.38022324641871
188,2.4660876531843337,85.29678175170282,0.00040970609936328553,3.003183446374609
189,13.24980524479187,0.7754453155013646,2.2000375691958944,4.740753041650585
190,4.886577357945059,20.803053662727805,1.910458008148336,0.029615251077589604
191,11.187091564820587,2.282836066784803,3.568923453480542,2.8598749005671693
192,21.500537642647203,0.06860046422737326,3.8918603017543774,9.201957734016135
193,0.39299766435364936,834.0225606885157,3.1780808089687995,56.554655228036516
194,22.67985337418805,0.10672759321922594,4.1915678395804665,10.011635524423085
195,3.1748786690752517,51.13039285697513,0.06939283731396742,1.2047088214152382
196,1.572769605508264,736.1079584421551,10.99762804742698,49.04661553994678
197,5.367112459163387,16.832241116332124,2.039444537722763,0.11055903110064266
198,7.120927413445759,7.829376227063618,1.0035413213904874,1.0603429342966209
199,6.21680506176528,55307.98050603509,319.8055722717178,4473.463148884573
200,30.93236621917486,0.8135108487827732,6.016454364633148,14.690290396770163
201,6.419590742897771,10.325436262929193,0.8393781970291146,0.7637473194724009
202,22.217303958404713,0.08760684264842901,4.058891542795382,9.689036859267153
203,4.703664465213467,29.07721205156922,4.98143089433321,0.13465830273117224
204,0.6464103718961541,10572.353236311323,59.57111937612259,832.4332821160103
205,20.48466265423998,1.6312732205909917,12.328739029787902,11.786799987063787
206,5.696249199310103,28.885680133155134,3.1898526930651947,2.8147268409178556
207,24.518861165826088,0.8158495530020234,8.863285508727193,12.820346633533768
208,3.4518607190444865,51.87677100161001,0.31944422758014507,1.800956006433561
209,15.408892757803308,13.44427456022568,24.928301495560888,12.549392327326538
210,22.10152548981127,0.12913960223253435,4.060164341376483,9.431732514354195
211,5.0675508698725125,18.274916347129583,0.9323242306432074,0.19574697821503897
212,4.730687681186109,25.18526345806819,3.477034683047768,0.021017110267520376
213,7.33275871103391,8.349417453277766,3.3858630337493842,0.7875485459808541
214,23.151608172167144,15.290815299375852,47.027052533618445,21.535134818603915
215,5.703004029729333,14.021121962408213,1.397504584216265,0.2851047375515039
216,5.1262029574383945,25.80336561108292,5.966607985317713,0.17468252909144122
217,4.581662366145173,22.97304627990758,0.5199494004147909,0.2638434961831007
218,4.051028670941884,685.1916796726094,24.02933391858503,46.48437650021834
219,5.06227509538046,20.17308067377948,2.6565581072118443,0.025038431229511788
220,0.061834719680966425,1910.0176869804113,9.078029890187837,139.67786008778833
221,2.0503313525857405,110.37835521482624,0.09021071647891456,4.249205749949779
222,3.08538797860206,57.652228341480274,0.056014139873821,1.701051794636574
223,0.06472178115986879,2094.4825954461517,9.864818721574888,154.2480578070118
224,4.870276028291732,20.13132504604822,0.5076402310412989,0.3254476359598197
225,4.771738809510684,21.63754328294719,1.6622386770558712,0.03528304096181975
226,3.1528791204851636,52.6334089934492,1.826131151072068,0.7799454905180135
227,2.4341019104331014,83.18577009730903,0.034172886369290105,2.7363511522818382
228,1.413144307155465,253.18408881157592,3.4655575676813193,13.26463563867735
229,5.71648027383012,14.163222699100785,0.5356859790514308,0.672632504188391
230,1.7450835692068885,138.26195483293628,0.3805394039830461,5.808677935745662
231,0.028257102268319886,3717.730029650953,18.798657576935693,282.59759304747087
232,4.886832522869333,22.231463318064943,2.8540750921896922,0.006717656350348272
233,25.29131346158068,0.28390789734487054,4.834959098515379,11.57038621116774
234,2.1302735240627793,99.62312826007516,0.437479895557602,3.4036610423221307
235,4.474214199228899,26.926191174139458,2.7195034140091416,0.015230083567425593
236,3.792904635261266,35.00640086005542,1.3369265485921167,0.20397147129813292
237,27.577999908037857,0.4835548133507668,5.250065065962729,12.768499792790227
238,4.63514057219607,22.55996940328404,0.4316785429779033,0.3304341334999544
239,3.161431572634375,50.51409874674985,1.3223744723850077,0.7239167309547054
240,2.9266510064949243,68.52160157805676,3.090522746363731,1.5111287063817629
241,21.94293712567935,0.08418438814924424,4.347536205483728,9.871842402186605
242,5.8486773252649265,860.2964287818509,17.49773815207179,65.9381306125359
243,1.5229135528715054,16671.775800136114,96.29622590396278,1325.909113677392
244,2.7449261224797556,69.753780517898,0.009209974239982613,2.1736651184085996
245,38.26976684395855,5.255076604523097,31.69750379605083,25.58935725338679
246,0.5530118439953996,574.7770538010658,2.452904026563819,36.775799261018335
247,26.42368649826515,9.465376582152032,45.67884158459651,22.785544433541194
248,5.946239053671213,19.157488303409977,6.824005976812267,0.29641951960230467
249,71.16835203578995,489379.7296980646,2908.087937466275,40091.68843281227
250,4.345018913971336,880.9297087532702,13.166939802005174,65.66665975272741
251,16.37118773319419,0.549815743321872,4.165341436956211,5.823579857094239
252,4.001603856175757,30.564696442065564,0.5901303146688809,0.25671079771764976
253,6.28748665088583,11.448797790098132,0.6411209493231277,0.9921629498755206
254,6.6456987795207745,9.723411698108505,0.7183219135533768,1.059605325325004
255,17.340223619282483,71.294658145049,42.41493747188491,20.48770145665016
256,20.022547846910044,0.12130364251936841,4.576895890844657,9.131374511149211
257,13.466254656965477,0.6796507230044958,2.1835963590126157,4.716473928469817
258,0.4475743328074475,956.7424948982961,5.959323501799325,65.51751715925771
259,4.56788141552651,28.800787940128135,4.1008703440087535,0.08003802599940887
260,3.4702693633295727,24491.500474411943,147.71277053608486,1961.1986137157317
261,0.213380159978426,7194.322884589884,38.56592110795509,560.6046240034287
262,4.512093022405557,35.09831596686409,5.9303983632569235,0.3176666067112526
263,5.168610012478545,18.66364358956312,2.2486553683610837,0.05469715901079554
264,0.06199946193148299,2376.4300937193416,12.468332685660775,176.13220921419443
265,14.771968372797563,0.38391406977955667,2.5939971358168203,5.672637988238749
266,4.878550453069713,21.18810942331809,2.133205150592387,0.017635034685279806
267,2.5074938747177202,83.06836654472248,0.0013302010882212337,2.892470494461529
268,3.279874680757622,58.49032452506637,0.32492160057592706,2.1198947391849234
269,2.584982013725192,74.71883009470476,0.03465305255313197,2.288531293808152
270,23.249324101702577,0.13905160085407064,4.335798370513126,10.361271808762043
271,5.697115362966967,14.140017141613487,1.5213768266467942,0.2634424038298543
272,11.552671536874623,92522.19661173904,541.0498283921784,7516.628197057195
273,0.3967662195547488,8876.921076744708,49.07036117878224,695.7767652930526
274,30.370527233998633,0.7615352475131545,5.808078927857896,14.273488819836263
275,4.1480702669396186,31.466204634119766,2.558702393695951,0.07898133546746638
276,11.811177523326487,4.120310624415165,6.711314464924516,5.887937608907727
277,2.2107868663202517,96.32373935456688,0.10227723025649545,3.3926929010808453
278,0.3918913843462846,783.5910278940298,3.641591900979593,52.44598799669513
279,3.843715779607079,35.454442940870344,1.9642371114596968,0.17656045254563615
280,6.814574669592565,9.136323284348787,1.9129377406210144,0.6687497806139939
281,13.799553318479644,0.6688304102758086,2.5298621480195727,5.243574442305949
282,15.520779749192858,0.9830707064272752,5.198536040333256,5.236159605489867
283,0.1345937134097836,6224.88293832269,33.185677832388386,482.7485007966112
284,16.10187045494953,0.8204322924187305,4.998267146001167,5.585389903116784
285,4.948840744989817,22.99764872963124,3.654516611523761,0.02644032010771613
286,5.671000272301678,19.753788369179695,5.7821298739597,0.1942321765079797
287,4.234562267515869,27.91358626104896,1.4757253816111695,0.06260444071945945
288,6.81370979146125,448.6278534475389,17.30973796744091,35.80267070206664
289,2.184820112286105,96.25746561043616,0.24274687578770845,3.289246777235451
290,21.430076934322585,161884.23683250044,950.3439306951709,13200.044738762965
291,1.741233324206089,139.06451493152073,0.34770674269975654,5.875419298075624
292,3.0470258767147023,31413.698174377714,179.88785956694906,2524.1720394316603
293,30.299335129373738,0.7729922611069617,6.334849597996736,14.647062316678893
294,2.758311437512602,73.09149592184006,0.04734396687696127,2.503932104527151
295,0.6579112851611045,750.7225730138987,2.751810374777401,50.69565980527066
296,0.279037230646903,998.0351752980429,4.186577495754707,68.94940451045633
297,6.024027217895819,12.708243808806081,2.0704212985517203,0.31544196718364303
298,22.393086521452535,0.8044468973513635,8.823023173581223,11.756700689195204
299,3.334926963591043,53.3724244900977,0.2073803568495097,1.7443152321779034
300,0.02005288445115517,2539.6950812148843,12.413003258418538,189.20950520081456
301,6.929974204562223,37.87468488018004,19.207070069010715,1.7420187251049766
302,2.2849644981444466,93.13506277135983,0.035292370575533034,3.294983542625773
303,4.463242504866724,29.11510512504234,3.6084449675944317,0.06256231005666385
304,4.692269715666403,24.481568731854114,2.8877232941050317,0.0034407252728115897
305,15.512614036474536,1.9131281652226022,8.529412661450646,8.235195409322586
306,0.3059626086671632,1391.8632743720623,8.223882978347138,99.05120116091705
307,3.220856244295621,56.70866697481111,0.17145632920304155,1.858857219595167
308,10.583047716988801,31.89526684684996,35.301864015250146,3.5491828053269474
309,4.511465975296149,26.71542483126213,2.8588103073764866,0.0149702729893141
310,2.1410696277132804,101.3897232357362,0.12204344888115738,3.6726628587072327
311,0.9460727872365716,336.3739606054973,0.8717587866825434,19.515886584701587
312,5.17225960811395,18.305872147070072,1.9796166675744398,0.07079296340493943
313,28.18710581380422,0.5452531722779703,5.632846188024977,13.323514899099802
314,5.866204870741602,142.82384729567474,10.320394544376937,11.965724793469008
315,4.328866981053022,26.25561012674386,1.2152771859682456,0.07592673906010543
316,2.4699094117277745,80.90798944490473,0.037496854868176235,2.6070727083245746
317,4.00641066640525,32.085731184411685,1.7977434505253562,0.10677106831225351
318,1.573628386273812,6313.859896531968,35.840391733301054,492.2899821748912
319,3.146438638978241,72.46279896460459,4.959221859117782,1.7900568029966908
320,3.2341548950506325,53.22309959390061,0.08808450920504227,1.5495228155703744
321,2.7130897422876465,75.77607038740501,0.05014854168545395,2.6549864704428106
322,2.189807052457112,99.46314997119676,0.05677389228213019,3.63156863800642
323,5.675002434369564,14.24550481805266,1.4793443151301755,0.26225839810735174
324,4.120917568286664,45.67640503884436,6.379720352611427,0.6796727359042452
325,3.9937771172234378,38643.98286552252,222.26552889667047,3113.3512846898147
326,2.8172726885486403,80.89944015689677,0.3091356206871414,3.2656736766424723
327,15.351630466690699,2.578953541886042,10.147491979862762,8.60914928774568
328,5.381286718151,19.643196692975284,4.177205874065052,0.08493248752512816
329,23.905666177079212,0.1815561205801314,4.488558833689446,10.74375855607322
330,0.3586558583273046,1178.73336231614,4.845272426960307,83.23235386687685
331,2.144922949481195,102.8480595418631,0.0651817256998772,3.822270296858965
332,28.804805378840314,0.6147994914572334,5.9067714622569625,13.755749552929117
333,1.7125776271864006,200.4553390577059,3.853483431885847,9.659204531773048
334,20.349316988857076,0.011885289921530538,3.751243067643257,8.77516719378481
335,2.3847465846938,92.5618777310664,0.009626793350467842,3.46580804197579
336,33.431057434021646,1.6347386961476311,8.115807621528628,15.27608640448496
337,2.9707958409988873,70.44794453097713,3.6370436279124765,1.623659409122258
338,27.35697287387849,9.427951538498935,47.11545847955496,23.587104970941237
339,0.24856287046359615,7663.450001659427,41.34042757905137,598.2704775307543
340,17.39862370252489,0.09767422471754186,3.092553390428621,6.76578184568471
341,3.988998391499445,30.943565935069174,0.9456032086446053,0.17256417282539138
342,0.0004127881400662201,3183.2523073276184,16.108621265457696,240.0379565850324
343,0.40457485677588656,937.1525806298456,3.6070247162354425,64.58127515320099
344,0.5876998718572479,7060.683983088263,37.743920782080615,550.7091476653636
345,0.09581346373285334,1685.1984381203608,8.25353680772422,121.99930631267407
346,2.641844913506986,80.18495040750679,0.05453782613804997,2.9037166367549405
347,17.735632698830447,0.039993761950490835,3.2273350883583234,7.340996390192657
348,2.97972802461552,58.85069416312084,0.03124476349774431,1.6043490804914486
349,2.7147078837056653,77.65797707565244,0.0850623409168438,2.8203820315084047
350,10.934858069035354,38.21339031492515,19.54536546629211,10.199651440882578
351,16.602500350386283,0.35781997966256596,3.5986786740336907,6.05401504017916
352,4.510235651087771,25.531855046845187,0.27628617918599035,0.6502645224598437
353,0.290854293647946,7721.83181949056,42.44059085467034,602.8146888693132
354,3.007995441442262,57.31403252819163,1.7370108580874715,0.9874310726354052
355,0.7539824319283824,12799.998924619635,70.92639584046503,1012.5824306599126
356,2.704422415901556,77.29273531281837,0.06740193578399868,2.7703900818231495
357,0.001915126830276891,3004.478184884011,15.094608897267905,225.88585600608928
358,14.97991343937816,5.32989280281525,19.29793162381085,4.8896723477355515
359,2.2191898849636496,94.89230751615162,0.1418560044471259,3.2749652555321047
360,22.74235955821963,0.7852751228901831,8.74361128726535,11.905954425454524
361,37.67848259912961,30.72084106889196,131.53634016370248,19.56002617453346
362,2.298943687844156,102.29751948244206,0.04268172325944892,4.110793398445883
363,18.226734798180672,94.08275685837305,86.50110498508987,11.660289713320337
364,10.593421845712331,26.655122196609323,16.42142695814015,8.68306863420104
365,2.268697918575044,94.72921427977093,0.029069872710864017,3.4004952004617044
366,2.2101748180482956,105.2581097746354,0.015889516893753727,4.180903831007068
367,25.592140156125115,0.3697673199278224,5.619017802248864,12.176683652920524
368,2.4888435798822677,91.43786302728843,0.07842044890614235,3.5691809631150906
369,2.847350696881539,70.12575385533658,0.07897673335497593,2.4064592377704064
370,4.183760673199841,32.90696504776431,3.331674661674067,0.12102355794464356
371,0.14583318790697908,6354.186154914679,34.099272755179584,493.06736184684337
372,2.59936440074416,79.22549205905953,0.011598542596757433,2.739065858834572
373,21.965229586985895,0.07190066581698477,4.0195274747043905,9.578357523074608
374,2.2162649954480425,103.53161484420927,0.010980061565435037,4.048925531245218
375,0.07592560124184133,1821.5065940839506,8.542104391147769,132.7770909353185
376,10.629586999194883,3.8345569613531305,6.4011955079303995,2.4156627250378975
377,3.402096590158729,50.608184489537926,0.19370275061551462,1.5964018740381654
378,3.9936002623798004,35.58068526464817,3.0428483291757007,0.17675879718314527
379,0.4378941980155272,1016.4213527012977,4.019413574215241,70.79164614249774
380,3.8545205653042505,37.20718965812757,2.6603847785339028,0.2151115733162909
381,18.791857067361775,78323.24616533132,507.60329635744887,6359.494313198021
382,5.112675109526039,20.710775038675536,3.3085423981817828,0.030695714057493974
383,2.2562093453592933,139.2479262130793,0.5753414069955829,6.919741426667557
384,4.220238486421682,40.53488700435259,1.0585219910600243,1.922270562944154
385,2.083535337605346,103.35930570368012,0.4837021019275905,3.608902147271831
386,0.16721522980699763,6474.676958054353,35.042368960160694,502.68121733487556
387,5.4641637466510895,15.732639242921746,1.6260366503054127,0.175890874205298
388,18.996776898841865,1.6933364126781736,11.571443664745754,10.831573537535851
389,10.53464815014618,4046.3680586076634,50.087207772326735,322.2171226052868
390,31.5937548832154,0.8971187973697307,6.0359808825299766,14.893395548522411
391,4.524316668060018,24.501714842895936,1.7351713826086217,0.021670118322997423
392,32.65010440721153,1.0087840636075227,6.692804626254427,15.868327632875603
393,2.4182119765127412,88.7785123646829,0.0017035636786123767,3.2085021589735163
394,0.10902890466833132,5472.696481710281,28.629599497161912,422.63740481992113
395,2.1892375086671314,95.10684355607076,0.49704095402218074,3.1226532186110845
396,0.8724579942153915,2336.823742115984,12.203790750748265,174.75002550042055
397,1.987626192804382,120.2946582816761,0.047041948808968344,4.954555997331599
398,4.545573889370776,24.579354166805622,1.9493052921163265,0.011487668997072174
399,2.5986221889918486,78.70625454409864,0.007531476528543238,2.691527067338856
400,24.542936923521015,0.23645262389998428,4.867976883574836,11.302216893924443
401,5.1640527966539285,17.485054813423524,0.7259177755349464,0.2888485418693032
402,5.404514242832332,20.58053217059648,4.862232932153442,0.11267696174210595
403,2.1376157307763144,100.69764840415807,0.1750817929223107,3.5902233006481894
404,32.75520333511872,1.031047819064157,6.852445503572725,16.00471458453806
405,17.729633394674845,0.14715251427350284,3.3469010939274058,6.834912555703954
406,19.533154502842493,148877.7660870318,873.1713044612682,12133.680422227182
407,17.720637688762135,1.379629163256538,7.959589948122391,6.383928944582657
408,32.862672745695505,1.0290693889953868,6.698691625745152,15.962040383342732
409,7.022774652478973,187.28379803097772,14.72242321649773,16.65212421398032
410,4.198133817539518,39.295999593767746,5.331308641716763,0.39023243105542443
411,4.687070590656454,22.412476555664913,1.568011563560605,0.03691193490989397
412,1.2711562310815767,238.56401712536493,0.3988231982823169,12.734577121334002
413,21.75233713981897,0.3463391140158851,6.150463284971806,10.57762198186067
414,2.9498924156386988,61.75353247676615,0.02921258623655396,1.8317102305353492
415,2.972108617583819,66.9711604727265,0.15190747173988334,2.3504958449729156
416,2.907056049134985,69.49730215722062,0.1339429133274106,2.4578617970704912
417,27.072056744314903,0.4815074623423726,5.826508856220089,12.947914938214634
418,26.71098558877347,0.8328280223273398,8.506175658075433,13.784242615115765
419,5.8553567862044575,14.02418662697265,2.4817230536206605,0.22491913527437665
420,4.11727089265172,34.14419214767223,3.3457030627061783,0.14922612809674415
421,2.346641272662757,85.4066313026855,0.20081844668463475,2.6974031984059024
422,3.1377565880295153,49.694048657195495,0.579245816095489,0.8119749880150192
423,8.448085889393427,77.24746138122237,15.574673390105731,10.300446620301955
424,25.762211872590367,11.028921538187733,47.756817700454086,22.93030498783171
425,0.09932106633249248,5064.099224775939,26.2702681096552,390.0050216060649
426,20.840293694837836,0.14054646079977084,3.9606293869558593,8.599600501657063
427,6.837799867895113,11.342080311222915,1.4541201838033198,1.8642803810042894
428,9.207456451593998,3.6274961778046713,1.2926835029294694,2.2559291583687653
429,30.910810131725327,6.207310720552974,38.073681552371994,23.35011810077957
430,16.717077433011834,123650.39935889991,729.9642173777854,10066.032639240555
431,3.759503070251564,42.95170912138332,3.6681988462899984,0.4186431514517297
432,5.846598711757299,52416.08740772068,302.30700025620035,4237.469866292708
433,2.1456661471403313,98.6988826665361,0.33316696276746227,3.3886256148445653
434,27.222129361603457,0.4537535111226042,5.1467053117832835,12.5324739303296
435,1.9393881437792049,120.82704979904715,0.11329852665469045,4.875801504406823
436,2.118971454197514,113.29724867126455,0.025839787071420692,4.659414532520325
437,15.792482892446609,0.33663741436563077,3.3866306178966363,6.617051029087069
438,4.848645595917227,20.96784393683056,1.7480137591423546,0.03626472085428248
439,2.041989407607129,107.74790503304746,0.26515858052994146,3.9575194769883244
440,3.014313699748497,61.70048631436484,0.07188570150794427,1.9511637251545753
441,0.297996395696728,937.338561006068,4.120826474428138,64.2151569025481
442,2.450886958499097,91.34400440187721,0.040585869134457,3.4914018011152286
443,1.6423755809829113,158.9870590573104,0.17923157469946746,7.318865034707375
444,4.697231952225477,21.657519868918794,0.7945816728281435,0.16755337762590905
445,2.1867344815228775,111.32870798885772,0.04730126138863465,4.632787579865653
446,4.487710446038425,29.886555549590092,4.055360198128668,0.09350151215891199
447,3.9903450955588045,31.89389395710847,1.5710944251989947,0.11624636732573117
448,2.438009202399676,93.99240790111361,0.06415625740472491,3.687357845929311
449,30.065090158805255,0.7429811017647592,6.2130543015220425,14.47712114438394
450,4.812058554098738,24.42951242187407,0.536538930608143,1.024764673154044
451,18.020580839321475,43.49243210355973,41.72488887375694,19.069316588284522
452,3.027176645184893,64.00293252449744,0.14169955951290095,2.183889021408918
453,3.3741881589784977,50.99226519406588,0.1722006793188541,1.5848604444292882
454,1.8759189884244507,123.73161335506555,0.2961308259545694,4.925274631683475
455,6.478407202062921,56679.77513510969,328.8438398457548,4585.390923727825
456,2.4296480171128096,88.02253678217204,0.0015439824998214368,3.1663774247004355
457,24.060480229159694,0.2023327951522115,4.445809188348826,10.709605668891825
458,2.120286652699195,107.90045975640562,0.0272876888289962,4.20894475637815
459,4.534823599727267,25.03360192707114,2.1413297672909186,0.006857488209869441
460,0.8050692827097645,523.6828075728122,4.128361339261454,32.82451187023177
461,6.350328931901315,56189.771478167575,325.2762559422065,4545.436709949528
462,4.720008850300839,12655.83817162618,93.31885288181779,1002.5157474179539
463,25.808332075875988,10.26375488104393,46.35477734870389,22.63001651573506
464,1.5243533472234405,178.8976628642101,1.5565512450360264,8.240155829704328
465,2.4688005728378952,86.53908965438661,0.005935570375116629,3.1175401050590397
466,8.184089523278871,5.282071620459049,1.0946654933030417,1.688272992264597
467,18.002566932763195,0.10580668024018522,3.794376476233375,7.827326354339805
468,4.5594101846997726,29.44238427342771,4.3022155814625265,0.09939699011977114
469,12.945086697345562,0.8552418028500439,2.0864681828004192,4.3398079484585645
470,0.2526481039449849,1286.0597519650266,5.420312522186494,91.35752572087152
471,2.268019036993562,103.38424809296467,0.031029072909126088,4.140782628126807
472,2.5214693937565986,86.56670213472692,0.03898643089388266,3.222425431859743
473,6.631623366757535,9.843789708453897,1.9466734574077535,0.5803967534082372
474,2.82885925095544,69.34172893679214,0.047352027018661876,2.3023809620107514
475,4.210803192934881,62.96842061717134,2.6509300541008805,3.8448989317129114
476,0.01817933245341259,2811.144893796641,13.83592710025796,210.67774275474244
477,0.7137348043882585,10789.351758906038,61.17038546976997,849.9404437919509
478,2.432341563216656,90.54202474685232,0.018451247251444848,3.388371501107054
479,1.0431469140552059,638.9427998748197,2.684922249556737,42.769656358134306
480,0.6647399874905844,10713.964942359054,60.41741684414536,843.8623054905808
481,0.1700554118757534,1787.2104867015382,8.060591273395211,130.37609668480158
482,23.41779001204884,0.1686656539701465,4.721115194482063,10.733401551824688
483,2.0525984648755555,1635.4088569593011,20.05658387150545,118.6851231029623
484,4.7479494498446675,21.18500710304672,0.598901050685163,0.24795849229980024
485,2.580829364512037,76.95426610437423,0.005094569035896982,2.494345171953596
486,4.6457671972482935,23.256500560076365,0.30500763623471266,0.5271522073475203
487,0.25696987370392965,1031.0084107583796,4.5990964295582195,71.38630880619016
488,12.841472689236525,0.9193488023337006,2.174141608535519,4.159438474177062
489,2.2838865122239405,91.8662685668212,0.06820638125139902,3.172236811300788
490,4.003382223406212,35.32721158186162,3.0218461591940518,0.16988106323679658
491,4.688344203394259,42526.86896830567,246.59208015466794,3429.945328607848
492,1.5999141981156204,157.63610756906175,0.7447530446624213,6.951043933841208
493,4.5397556832952555,27.03398867506641,3.1843576369329494,0.02441931014868316
494,2.4355190259811126,89.5183670368211,0.011632031704373854,3.3074692836011654
495,3.2088353975831256,57.271791804343906,0.17415734567555682,1.8900545471449224
496,19.36462768854022,0.021243725523975215,3.4429723065393105,7.980938338309296
497,0.5332397981411132,668.0400003627057,2.3053867931291,44.076013713634694
498,2.0807798742413253,104.02304624437797,0.31774467628665126,3.7093059923888214
499,1.1793512161927462,296.37213681425226,0.6012901411595486,16.983340202773757
500,4.548889387474236,42741.13657414114,246.43576913965038,3447.4896126484573
501,12.931763660928091,20.788193231773775,21.5219200072119,10.79746128572252
502,2.3778912344123397,92.44038637045992,0.006326940020231533,3.4415919959708767
503,4.776679243489386,23.220684362728214,2.7325325470126396,0.0014822095241036242
504,0.4188208348577799,6618.086801159911,35.04346391104444,514.9449258046178
505,5.158472476457618,19.17567094976828,2.5688887061723635,0.04144465373325414
506,2.13325784356883,101.08483525863443,0.17284035192520983,3.614677573431903
507,0.21794975349831652,1459.478487316825,6.324066605843213,104.8173725999495
508,0.29926243056950264,7168.453568850516,39.815318595797244,558.2959834772765
509,3.253470681358295,64.5916163696168,0.5303088883752802,2.606360670995569
510,15.268472193015159,71.55596131429436,36.0227463697781,18.055254607682976
511,2.337913504333902,89.50129036589324,0.03260942207725052,3.091297220709563
512,4.3026708588893925,31.679419196974013,3.620746960096413,0.10591984146770506
513,22.08032027805428,0.08370284361072702,4.0221978024761595,9.589978590560156
514,15.938501334180058,0.22910981075140885,2.8238959120627283,5.9093837435864085
515,7.090896215949354,8.000332147774948,0.8665187979957667,1.149004423413789
516,0.7842575212167552,3691.1359078472756,19.5092812938281,281.83827735089625
517,2.2433247611483207,94.09851369049456,0.09348223417895864,3.2722519398057415
518,6.183410865458123,32.652128809686744,5.051428795323277,3.832174545297003
519,4.4762810458770455,27.40820704411907,2.9581632298465377,0.023040480415108935
520,25.225272163686302,0.2790134684801234,4.842212325896638,11.553015163926865
521,1.265788715424768,11948.92076168949,70.66970091041526,943.6771925936131
522,3.3991556118802913,51.293181406620434,0.2160807833237259,1.6572643231694522
523,2.0890439025639322,109.92065382116445,0.036879169978828105,4.3093946650175505
524,5.311618524400414,23.019896771599377,5.668132495602387,0.14993999057109145
525,0.537868163061425,796.831278659096,2.9077739490450742,54.01757564325293
526,3.639816254079762,38.35337701630743,0.1674641341832758,0.6827533414901663
527,23.13102037307134,0.1531046964201756,4.236320641919545,10.121433859079733
528,3.829083515711637,37.02037860331396,2.4245081723129402,0.20976005830936764
529,4.645881949788153,25.93895685889203,3.3266771401129254,0.019950372997145912
530,4.471559035498543,25.742708906489046,2.090302356968551,0.011494457294424443
531,0.566819860417905,772.7228432783053,2.795244763700286,52.21731115937973
532,4.898068620810742,25.896305814659367,4.764511566248337,0.08958399794325124
533,3.130831200570686,124.88678831577519,9.00103703068143,5.099917514146242
534,3.1348210915173724,56.09375101222197,0.0654296623180116,1.643960397961621
535,5.13525088926108,25.790879011581307,6.009579637890462,0.1780028882540017
536,26.9529736645256,5.067800505670262,31.201734152328072,19.728068050570478
537,1.4449619351061096,244.7288640842819,3.4489142737023384,12.677568638642969
538,4.245005723739453,27.01577603410434,0.8033461074724733,0.1557416425825801
539,4.610106907204599,25.190158117752002,2.734223658009413,0.0037880202062679355
540,0.14280902384674932,1461.8660252517125,7.187141694656542,104.58938221837674
541,2.1200114638235386,101.26550709107815,0.24995180154722657,3.578636458405326
542,4.06969407475605,33.3221479049054,2.7524253201360476,0.11822354075659244
543,0.056696180569630134,4842.121911991317,25.196194400231175,372.15049248977164
544,4.420652490996014,25.072290522231135,1.2101387885149142,0.0712653889860949
545,4.291838668035565,27.061647526833028,1.4438623912737727,0.05702195725612844
546,6.3178116799936905,11.832029859629182,0.7219752798013717,1.1694360304238334
547,3.9714904661126162,35.13193580105477,2.7476533405993333,0.16088129501508133
548,104.37772347534492,152.67480379122344,540.3594451454217,64.95286829584911
549,7.7849122703274265,13.668451093202178,11.345764009760527,1.0481204594493225
550,8.409560227866491,32146.562945453563,213.86401893826707,2586.2782693172862
551,20.515326205304962,155735.64883617495,914.320126500547,12695.733121347148
552,18.03529556975964,0.23004971783123845,4.474208939561079,8.15418033304885
553,0.663225117774339,11564.691405991673,64.50611176044927,912.6124672266354
554,28.138038370860077,0.5396331485167102,5.337165098052378,13.036352570406747
555,14.887402157533815,0.48719533889712363,3.1144883402525774,6.067153887744029
556,0.2524033079101745,1418.8126088404024,6.096567948184575,101.71851895314558
557,30.02015386990676,0.7291271543990814,6.081341573329769,14.379165766054873
558,16.234273195380116,226.83673546180268,43.84960118185007,30.586115359184078
559,36.43163657199419,42.05214148145795,156.4453340890928,19.39548918631268
560,2.279507225492703,91.22932462808195,0.10491277240319713,3.096196108638394
561,0.007242322936701042,3480.578399901874,17.625798778132967,263.6753641270501
562,4.8548126285805555,25.357655174661865,4.27932565639833,0.05833784547011431
563,17.414003136275287,0.0802792285316383,3.320063551968028,7.289722082532208
564,4.491212706958497,25.304956720235456,0.2695588766337833,0.5721521545126917
565,18.354439680378448,0.01652379177741192,3.230166067710623,7.494993910060373
566,12.784070938324115,1.134500781670346,2.8334034085444766,3.8967618318324986
567,3.607742580301412,47.99527938375708,0.38384438233300333,1.6907817168901764
568,0.0365212321866862,2271.1465344986996,10.926986214472509,168.06766380560566
569,2.3674799499810533,90.42723273070699,0.002522584509052749,3.24468897795486
570,16.23697121410745,0.3398028640569394,3.779860401622267,7.008952734622757
571,0.1393004986576707,1469.116798196254,6.6095406752142,105.33255052421887
572,3.4858995606135528,49.312992722952764,0.25670687382410456,1.6149884739276428
573,12.014665974403128,1.6831699785163674,3.37533547801681,3.3589041459794604
574,2.257354137903608,104.24670894288958,0.031730940098996914,4.191055196930231
575,5.537483518744416,26.79171099149403,8.525787416176536,0.40707775730379364
576,0.20251556768610532,6811.8151508027595,37.092917661520225,529.717020544182
577,0.2875181590165502,6529.3507896946985,34.45823244739694,507.58346119534144
578,0.10842902785409711,5691.856511918789,30.542311018321815,439.94831482088483
579,4.692501115052877,25.248141683277716,3.2776963967017645,0.014795226926325712
580,0.07494659935695124,2068.886431565065,9.691144908808205,152.26668411280735
581,19.939954979819007,0.00696276339629022,3.7037982663102262,8.58533203698731
582,6.6903694503693405,72.77964174554067,24.00617006172476,3.670227496576094
583,15.813541827536744,0.35938948586098696,3.1709277525491197,5.674823926785119
584,3.6310784556856985,41.56103155862901,0.13434473022054694,1.0721840594518772
585,0.549000177282043,621.9015517357112,2.132167440018796,40.548168443121845
586,18.50748913035547,0.010369222858373073,3.3601032148673022,7.742598415364601
587,4.451903532812311,33.130405783131174,4.986406340152316,0.20682933836401046
588,2.461141727808323,84.35964651767412,0.00121293422292085,2.90893744641022
589,2.3170117831143404,98.8695973529098,0.02239464707555904,3.8624701905867473
590,19.038169001404537,36.49458353214286,43.65484292057138,19.635074358927554
591,17.45541388052867,37.853238616251204,70.96758043220474,7.919168668516984
592,0.7104108725597982,613.8912449616957,2.0360070650829583,40.29414489232976
593,2.2690803033933995,92.35213038447857,0.08845577856788957,3.1768931357187453
594,2.896610303958091,66.23014162254935,0.05256907146093728,2.148115549679504
595,0.014888427300957104,3088.138963936234,15.358077471651693,232.59919042948204
596,2.034579191976075,110.47912692243735,0.13364579714493852,4.2110028977016265
597,0.22337242724916775,1204.3741938911674,6.04662375325784,84.61959735812388
598,17.583659015281953,2.3596048429808363,11.676848808240665,6.276137866942045
599,4.794711526014125,24.450769551725127,3.497205938942262,0.01954511217780936
600,4.855301715215505,22.775711547531305,2.973188387861559,0.0061751401331553435
601,2.7275445096994577,70.79962659025215,0.008392130450061458,2.2354782094320824
602,5.879793016290856,18.258558316012817,5.926792280364702,0.23969635759767022
603,4.961879245256129,19.39750452612497,0.4741386563304155,0.37738868932748026
604,4.114203677316626,31.802789316252547,0.21586832759448604,0.8008709913193937
605,1.3647512221727334,814.1113677636378,10.489329631547701,54.884199563611226
606,27.283800311632813,1.2773156625244542,7.939981642844726,11.793452800657995
607,19.58505663995356,0.12741868524966476,3.743916354057762,7.873728639164313
608,18.683830453597732,0.0064778268884735715,3.39132453636823,7.834741640747103
609,1.0488399820574636,4057.2786504060705,22.13722205986926,311.3365031790059
610,4.631611974348248,23.02750901791007,0.33259026103844924,0.4444678827321073
611,3.1239802985873095,62.98957101372899,0.2458115722901475,2.2597400072419647
612,6.518593002411991,11.183981273034435,0.8368463739165788,1.331547293781395
613,29.25300079545281,0.6422185846479345,5.6865664184547935,13.78325133393494
614,3.2956586539344443,171.97570111025615,3.6871965049863507,10.823573148558872
615,2.2647113671351513,96.06249801371074,0.016815225843843814,3.5109789435673706
616,8.705085586506875,78.55597644242832,16.4164154892753,10.712508244598462
617,4.674693215705825,22.09145732770621,0.45985511265872436,0.31613515927131
618,2.287634942669836,91.44573794422158,0.0732645486856858,3.1419995002348164
619,3.6326312771266394,44.55856939260017,0.24951774529803294,1.3948318403394637
620,3.9938106860750793,102.46134415682604,3.8339067509474654,6.594424227012215
621,2.048139516392451,186.19543418501112,0.8888592274986412,10.13262946914076
622,2.0556474144942483,106.85980586017774,0.23355838431829795,3.9212087186988174
623,3.764176809300546,35.02431506536088,0.3158135744673358,0.46662321096122494
624,2.6405458775630843,73.18552947110882,0.012668120474985611,2.2716423029960935
625,22.435230662237572,0.12227334299926802,4.0941519320625614,9.692515260070353
626,17.25347318037819,1.7560942356980644,10.157386625737068,9.5662729833771
627,4.945764763492996,683.7589608497021,13.587126249673226,51.316735798588724
628,22.332943709335076,0.09197246401778252,4.306780589138432,10.003687265961887
629,0.043629199917399344,4729.542293699712,24.883495328562105,363.04847713158455
630,29.570696348330777,0.9134319991335054,7.932283946869994,14.97524525264714
631,15.976509200608877,2.5755645805567173,11.34017147072216,5.372141670947897
632,23.648947011167117,1.0399193529668123,7.399946258822178,9.761449477347629
633,11.911920116174509,2.496327344266943,4.162609675195401,5.102070971286159
634,22.31713397486894,0.08537042833517254,4.18146928045671,9.889167091983992
635,12.545439062880462,1.0125263632091444,1.9861572943186234,4.175309189501439
636,5.317338385982027,25.098964417028732,6.670912369884191,0.2299310378471534
637,4.863645066892728,26.886514444372246,4.99827134186724,0.11160033924954732
638,22.403408959205333,0.09089109609797372,4.142308278761407,9.870454979687802
639,25.529059175421075,0.30620087743732494,4.9858609395984725,11.786737180686073
640,2.8177426523992164,1029.5630040005326,9.725187392766419,75.18754040042118
641,21.5388164996761,0.419194420100823,4.969315511884477,8.760974200738538
642,5.418375929095495,84.89122772538137,7.087451163818338,7.1162750487713975
643,5.122650572888084,47147.35871393839,271.3425013448468,3807.293774779934
644,3.4627076797775596,44.15698430383052,0.08922810687280715,1.0335567537557546
645,2.6104919190798266,80.64117124597497,0.033938447172418305,2.8842448616213625
646,1.9124783403382009,119.77131741320333,0.3059025677159642,4.673245864069533
647,21.965217297181724,0.33724441360988167,4.686726917583818,9.068716806026657
648,1.7693197142623416,134.69614411269987,0.5802574108566317,5.510655053411963
649,21.656355903034086,0.05567247305046485,3.971660857118759,9.435234829200748
650,29.560377796103506,0.7224785266233562,6.4205095069838105,14.361400084785139
651,20.47414592875845,0.06674150260123685,3.722016592072326,8.514666863953133
652,2.990156844455749,65.12836096186344,0.12582516274680283,2.2191642035274235
653,5.267282999464766,40.00017647997845,11.251010306560483,0.9356501944492526
654,6.913355413630149,1207.0994909076314,22.9177279167711,94.00484943369469
655,2.4178321244225347,87.60549015988506,0.0004709443132637043,3.1046833051119336
656,22.748204087650763,0.9512185438310757,9.667977697788535,12.182670337057655
657,22.80304233586465,0.13273509344839934,4.1670235768054775,9.940591891341569
658,22.722282831832903,5.422526555053126,28.823641627151662,17.002760767951024
659,2.9063223381406558,68.707585637057,0.11372526662848204,2.3874812199772184
660,28.150128282381694,0.5417984663520526,5.625718945022589,13.303465826045613
661,20.706764264698144,0.023529134815040806,3.7495135841022686,8.868079439070966
662,2.6144069712591804,81.02793031116853,0.042447298366184855,2.924931607079398
663,8.790491600778891,53.194087103142124,32.072992355089134,3.693192140458648
664,17.63013978535389,0.03810167617634884,3.1090575762291603,7.1659655933151925
665,0.10699005362260763,5780.347942064801,30.88761543935443,447.0659811072017
666,16.656436049617085,0.15602060889688837,3.2402806961538992,6.917959885165169
667,22.855629841480248,0.46366836902462905,6.864737490790621,11.362386577990844
668,4.024797595794137,38736.48985898152,221.80031583761638,3121.2361990405093
669,2.570321412321398,77.06380731406057,0.008444872236136106,2.4809189546233545
670,11.159659072695183,1.7540661143438334,1.6963222543523329,3.3606677897348027
671,0.3717659046171539,8704.537952122158,47.98023289343141,681.9046784249358
672,4.914777282266423,25.921245581310856,4.8682659564496955,0.09633232803534064
673,5.277385769915229,17.713941421767426,2.205404356628915,0.07902487221527808
674,2.630950166679002,74.51311267800466,0.00549905699467136,2.3765362649529402
675,4.676318159293177,23.91003625095635,2.4718484263738243,0.0001538736273213922
676,2.7206551869888553,73.48982097589145,0.024446687799448988,2.4675023416157487
677,28.924480387119218,0.6263179563197148,5.930833432850912,13.821366450850526
678,7.766333661667454,22.1253795882186,17.25373025171152,1.4039423852865311
679,0.8915057574234482,2613.9724748947633,13.790237923680586,196.6417576496695
680,15.503287296653971,0.23768121779356297,2.6185447250017484,5.839154561996235
681,3.8183188420819865,37.93243228299991,2.648991771757064,0.23560707506117476
682,4.394346303683717,29.047008440791927,3.1592298718618244,0.04727866606764033
683,0.01259675169994098,2976.92755251568,14.771933746093044,223.7782987209578
684,4.134267078548598,29.058994796587346,0.30481381363358184,0.4046929446508891
685,6.763033146251483,14.250991022065177,7.270480325883157,0.535234002499511
686,2.6519627083980115,73.7231184134187,0.005140570904517507,2.348298392322325
687,1.007644013465575,12934.877451894527,74.02652740250285,1023.3055619368843
688,1.5208882546168394,367.98278560282034,1.691338992958969,22.95254107717215
689,3.0352696777728525,24327.85072695631,144.407817068208,1947.7088306824953
690,2.5069131081975273,79.00758830607018,0.0322268901534212,2.515596914072416
691,1.8472167764832284,130.28202529957605,0.14481366407995103,5.447071187707966
692,19.017496161027886,0.21961143700290403,4.860202285000257,8.777710355419611
693,4.428682951959908,28.75857842955676,3.2515469430692345,0.04578590677559145
694,5.380093604680491,16.258779965946058,1.5462801811812354,0.16212487136547668
695,22.99120735693175,0.1743145922933456,4.238353761649189,9.941950653113954
696,24.618942004774738,0.3657915609614061,5.940780214421592,11.86640450016357
697,2.5951603774065397,1725.49886362228,23.56210250721427,126.00472434809419
698,0.2999063213157297,5964.1452874584065,33.70148866426058,461.6448083330278
699,0.06367713143305113,5088.87638235004,26.953874518367385,391.7435885223411
700,20.620944540597684,0.08817719090343853,3.791913935775773,8.557056910563837
701,26.448442832777822,13.498629362407675,59.54140505997903,12.001612865500459
702,4.512905303864325,23.935053875686535,0.40742892157181215,0.33051104903672085
703,0.8849669085330543,472.5046663300075,1.3878061918717635,29.82178242448549
704,3.4334776809857455,51.69531166476271,0.2826612416422759,1.753474247747053
705,4.720294063086718,22.98116152186279,2.215653325094872,0.004337315035789995
706,19.531890741630356,0.013340510678382681,3.474792204819892,8.11793092809155
707,0.07731449475659107,5359.5203302545915,28.385396818743832,413.4105890278288
708,2.0845936256000277,111.80242243225139,0.027750635065298918,4.460473149109669
709,5.351966517749549,17.771897661891792,2.728956479729484,0.07461923975420641
710,36.977862753875925,3.718144316963458,22.786407899559542,22.77022478930514
711,12.628838298623961,100536.90691155897,587.9458462899257,8172.777497611641
712,19.98037876626733,0.1575117220648873,3.9025828048520737,8.064135267093132
713,6.646732056182159,9.9318752534407,2.176376869718424,0.5608338248621494
714,1.6452981731818528,166.0753916156468,1.9268291218104956,7.36878237738996
715,20.70581858321753,13.102274155124569,38.64596893442215,18.35784553436033
716,4.526326349785976,26.25080823706031,2.7292171758688983,0.00983407644480398
717,4.330148488526627,28.452228912686863,2.483179978641895,0.031135651975965215
718,0.15872339173707561,6549.128451749453,35.134257397625944,508.7234741699808
719,3.2676246593061165,54.07122070195117,0.14517073976026537,1.693027053486492
720,0.831396444251754,512.4414580660019,1.5692695110674038,32.76652517651313
721,0.033162892192624076,3390.423572588215,16.93538685468997,256.6330218073498
722,4.596724920361349,27.506793190373532,3.736572882101287,0.04802343094929103
723,17.51144046492617,0.06967069432737844,3.066223079499801,6.895323063055291
724,6.669784194293634,9.323719579729534,0.9719292620340523,0.8257009009210245
725,6.46299179018952,35.81524393525026,16.274449082064333,1.3645378091484353
726,26.186913219584323,0.3774628592015722,5.359153921748277,12.306055411642262
727,2.0808595117038795,103.81537614817594,0.36071715950131966,3.678920002073099
728,0.5345024056483393,604.6755551928004,2.1934866238181607,39.15123599008815
729,17.720424199539124,1.0145014357261029,6.545973110407786,6.427218226182894
730,4.243385387091286,27.008498949721112,0.7154468051368377,0.17952324847508924
731,32.1277649868928,0.965545566531245,6.741079074557279,15.66937797583156
732,2.5140025080147383,82.65611405534233,0.0013429665441443786,2.8694182304749725
733,5.021850512025065,29.432458907341836,6.844185842180094,0.28073824218133653
734,0.9371503581183181,419.7477220755413,1.1312784013277468,25.90228905880537
735,12.26424087296533,1.1716080778288982,1.9693806880029658,4.160749656208978
736,2.4430827411219096,87.92861040271126,0.004576915216761513,3.1858561275479915
